Season,Name,Team,W,L,G,IP,K9,BB9,HR9,BABIP,LOB,GB,HRFB,ERA,FIP,xFIP,ID
2019,Gerrit Cole,HOU,4,1,5,36.2,11.54,2.7,0.98,0.224,0.947,0.367,0.108,1.72,2.97,3.56,543037
2019,Stephen Strasburg,WSN,5,0,6,36.1,11.64,0.99,0.99,0.299,0.88,0.462,0.154,1.98,2.39,2.38,544931
2021,Tyler Matzek,ATL,3,0,13,15.2,13.79,2.3,0.0,0.313,0.7859999999999999,0.29,0.0,1.72,0.87,2.79,554431
2017,Masahiro Tanaka,NYY,2,1,3,20.0,8.1,1.35,0.0,0.196,0.846,0.5489999999999999,0.0,0.9,1.81,3.14,547888
2023,Zack Wheeler,PHI,3,0,5,27.2,11.39,0.98,0.98,0.226,0.823,0.446,0.111,1.95,2.46,2.66,554430
2019,Max Scherzer,WSN,3,0,6,30.0,11.1,4.5,1.2,0.246,0.921,0.3379999999999999,0.121,2.4,3.98,4.44,453286
2017,Justin Verlander,HOU,4,1,6,36.2,9.33,1.96,0.74,0.224,0.8270000000000001,0.253,0.06,2.21,2.97,4.33,434378
2023,Merrill Kelly,ARI,3,1,4,24.0,10.5,3.0,1.5,0.157,0.972,0.4,0.138,2.25,4.09,3.92,518876
2023,Josh Sborz,TEX,0,0,10,12.0,9.75,3.0,0.0,0.154,0.875,0.5,0.0,0.75,2.09,3.47,622250
2022,Zack Wheeler,PHI,1,3,6,35.2,8.33,1.77,0.5,0.191,0.662,0.505,0.059,2.78,2.92,3.6,554430
2023,Aaron Nola,PHI,3,1,4,23.0,9.0,1.57,0.78,0.271,0.8420000000000001,0.492,0.095,2.35,3.04,3.42,605400
2023,Ranger Suárez,PHI,1,1,4,18.2,9.16,0.96,0.48,0.245,0.809,0.531,0.059,1.93,2.24,3.05,624133
2023,Kevin Ginkel,ARI,1,0,10,11.2,11.57,3.86,0.0,0.308,1.0,0.542,0.0,0.0,1.97,3.39,656464
2021,Ian Anderson,ATL,2,0,4,17.0,8.47,3.71,0.53,0.19,0.904,0.395,0.05,1.59,3.64,4.95,666120
2023,Nathan Eovaldi,TEX,5,0,6,36.2,10.06,2.45,0.74,0.286,0.794,0.5,0.12,2.95,2.98,3.05,543135
2018,Nathan Eovaldi,BOS,2,1,6,22.1,6.45,1.21,0.4,0.215,0.7829999999999999,0.508,0.05,1.61,2.71,3.61,543135
2021,Logan Webb,SFG,1,0,2,14.2,10.43,0.61,0.0,0.257,0.9,0.6,0.0,0.61,1.06,1.66,657277
2021,Will Smith,ATL,2,0,11,11.0,6.55,2.45,0.0,0.179,1.0,0.37,0.0,0.0,2.53,4.46,519293
2018,Josh Hader,MIL,0,0,7,10.0,14.4,0.9,0.0,0.278,1.0,0.353,0.0,0.0,0.26,1.58,623352
2017,Lance McCullers Jr.,HOU,1,0,5,20.2,8.27,3.92,0.44,0.245,0.813,0.54,0.071,2.61,3.84,4.41,118617
2022,Framber Valdez,HOU,3,0,4,25.0,11.88,2.88,0.36,0.245,0.787,0.648,0.083,1.44,2.07,2.26,664285
2022,Nick Martinez,SDP,0,1,7,11.0,9.0,0.82,0.82,0.087,1.0,0.417,0.091,0.82,2.84,3.14,607259
2019,Andrew Miller,STL,0,0,6,5.0,10.8,3.6,0.0,0.111,1.0,0.111,0.0,0.0,2.61,5.4,453192
2022,Ryan Pressly,HOU,0,0,10,11.0,10.64,2.45,0.0,0.167,0.889,0.4579999999999999,0.0,0.0,2.11,3.46,519151
2023,Pablo López,MIN,2,0,2,12.2,7.11,2.13,0.0,0.289,0.933,0.324,0.0,0.71,2.62,5.1,641154
2018,Corey Knebel,MIL,1,0,9,10.0,12.6,2.7,0.0,0.133,0.833,0.467,0.0,0.9,1.56,2.55,608349
2017,Stephen Strasburg,WSN,1,1,2,14.0,14.14,1.93,0.0,0.231,0.778,0.48,0.0,0.0,0.66,1.8,544931
2023,Phil Maton,HOU,0,0,6,6.0,10.5,1.5,0.0,0.083,1.0,0.636,0.0,0.0,1.42,2.25,664208
2018,Pedro Báez,LAD,1,0,10,11.1,11.12,3.97,0.79,0.136,0.921,0.217,0.067,1.59,3.16,4.2,520980
2022,Cristian Javier,HOU,2,0,3,12.2,11.37,3.55,0.71,0.045,1.0,0.261,0.067,0.71,2.8,3.52,664299
2017,Kenley Jansen,LAD,1,1,13,16.2,10.8,1.62,1.08,0.167,0.882,0.324,0.095,1.62,3.22,3.9,445276
2021,Phil Maton,HOU,0,0,12,12.1,10.22,2.19,0.73,0.258,1.0,0.355,0.091,0.73,2.68,3.2,664208
2018,Wade Miley,MIL,0,0,4,14.2,5.52,2.45,0.61,0.205,0.952,0.489,0.071,1.23,3.64,4.33,489119
2022,Bryan Abreu,HOU,0,0,10,11.1,15.09,3.18,0.0,0.211,1.0,0.421,0.0,0.0,1.08,2.26,650556
2019,Walker Buehler,LAD,1,0,2,12.2,10.66,4.26,0.0,0.185,0.917,0.481,0.0,0.71,2.5,3.92,621111
2017,David Price,BOS,0,0,2,6.2,8.1,2.7,0.0,0.263,1.0,0.421,0.0,0.0,2.26,4.39,456034
2024,Luke Weaver,NYY,1,0,12,15.1,9.39,1.17,1.17,0.143,0.972,0.417,0.111,1.76,3.36,3.44,596133
2024,Matthew Boyd,CLE,0,0,3,11.2,10.8,4.63,0.0,0.269,0.929,0.462,0.0,0.77,2.57,3.73,571510
2017,Jon Lester,CHC,0,0,3,14.1,4.4,5.02,0.63,0.128,0.873,0.308,0.05,1.88,4.76,6.34,452657
2022,Ranger Suárez,PHI,2,0,5,14.2,7.98,3.68,0.61,0.2,0.89,0.625,0.1,1.23,3.66,3.78,624133
2017,Charlie Morton,HOU,2,1,5,23.1,9.64,2.31,0.77,0.305,0.675,0.517,0.125,4.24,3.16,3.26,119424
2017,Tommy Kahnle,NYY,0,0,7,11.1,7.94,1.59,0.79,0.192,0.758,0.407,0.083,2.38,3.07,3.81,592454
2021,Brusdar Graterol,LAD,0,1,8,9.0,7.0,0.0,0.0,0.167,0.833,0.565,0.0,1.0,2.28,3.46,660813
2019,Masahiro Tanaka,NYY,2,1,3,16.0,6.75,2.25,0.56,0.171,0.69,0.476,0.077,2.25,3.46,4.27,547888
2018,Joe Kelly,BOS,2,1,9,11.1,10.32,0.0,0.0,0.267,0.778,0.467,0.0,0.79,1.13,2.44,116950
2019,Aníbal Sánchez,WSN,1,1,3,18.0,9.0,2.0,1.0,0.265,0.879,0.265,0.077,2.5,3.66,5.09,434671
2023,Ryan Pressly,HOU,1,0,5,6.0,15.0,3.0,0.0,0.222,1.0,0.778,0.0,0.0,0.92,1.2,519151
2019,Miles Mikolas,STL,1,1,3,12.0,6.75,3.0,0.0,0.27,0.857,0.457,0.0,1.5,2.71,4.87,571945
2021,Lance McCullers Jr.,HOU,1,0,2,10.2,7.59,2.53,0.84,0.286,1.0,0.621,0.2,0.84,3.83,3.43,118617
2024,Tarik Skubal,DET,1,1,3,19.0,9.47,0.95,0.47,0.25,0.769,0.4579999999999999,0.059,2.37,2.38,3.05,669373
2023,Jordan Montgomery,TEX,3,1,6,31.0,4.94,1.45,0.87,0.309,0.82,0.413,0.086,2.9,3.9,4.51,656756
2023,Matt Strahm,PHI,0,0,7,5.1,8.44,3.38,0.0,0.231,1.0,0.308,0.0,0.0,2.51,4.37,621381
2021,Ryan Pressly,HOU,0,0,9,9.2,13.03,1.86,0.93,0.25,1.0,0.476,0.125,0.93,2.55,2.66,519151
2023,Ryan Thompson,ARI,1,0,9,11.2,6.17,3.09,0.0,0.324,0.8,0.588,0.0,2.31,2.91,3.9,657044
2024,Anthony Banda,LAD,0,0,10,8.0,12.38,6.75,0.0,0.316,0.929,0.421,0.0,1.13,3.42,4.74,607455
2018,Matt Barnes,BOS,2,0,10,8.2,9.35,6.23,1.04,0.105,1.0,0.75,0.25,1.04,4.66,3.92,598264
2024,Blake Treinen,LAD,2,0,9,12.1,13.14,2.92,0.0,0.387,0.8240000000000001,0.516,0.0,2.19,1.46,2.44,595014
2024,Cole Ragans,KCR,1,0,2,10.0,11.7,3.6,0.0,0.292,0.909,0.375,0.0,0.9,1.77,3.58,666142
2019,Zack Britton,NYY,0,0,7,8.0,6.75,6.75,1.13,0.053,1.0,0.55,0.2,1.13,5.59,5.21,502154
2021,Kendall Graveman,HOU,1,0,9,11.0,9.0,3.27,0.82,0.222,0.943,0.3929999999999999,0.083,1.64,3.72,4.46,608665
2023,José Alvarado,PHI,0,0,8,8.0,6.75,3.38,0.0,0.292,0.9,0.417,0.0,1.13,2.88,4.53,621237
2021,Ryne Stanek,HOU,2,0,13,11.0,9.0,1.64,1.64,0.13,0.952,0.52,0.2,2.45,4.08,3.32,592773
2018,Brandon Woodruff,MIL,1,1,4,12.1,14.59,2.19,0.0,0.333,0.75,0.6,0.0,1.46,1.13,1.54,605540
2024,Yu Darvish,SDP,1,1,2,13.2,4.61,1.98,1.32,0.111,0.968,0.395,0.111,1.98,4.7,4.79,506433
2022,Luis Castillo,SEA,1,1,2,14.1,7.53,0.0,1.26,0.231,0.978,0.366,0.091,1.88,3.46,3.92,112116
2022,Emmanuel Clase,CLE,1,0,4,6.0,9.0,3.0,0.0,0.077,1.0,0.615,0.0,0.0,2.61,3.11,661403
2024,Zack Wheeler,PHI,0,0,1,7.0,11.57,5.14,0.0,0.083,1.0,0.417,0.0,0.0,2.74,3.82,554430
2019,Sean Doolittle,WSN,0,0,9,10.1,6.97,0.87,0.87,0.185,0.893,0.259,0.071,1.74,3.21,4.65,448281
2018,Jhoulys Chacín,MIL,2,1,3,12.1,6.57,4.38,0.73,0.229,0.956,0.5429999999999999,0.091,1.46,4.21,4.63,468504
2022,George Kirby,SEA,0,0,2,8.0,6.75,1.13,0.0,0.261,1.0,0.217,0.0,0.0,2.74,5.51,669923
2021,Max Scherzer,LAD,0,1,4,16.2,12.42,2.7,1.08,0.216,0.909,0.342,0.125,2.16,3.05,3.18,453286
2018,Chris Sale,BOS,1,0,5,15.1,14.09,4.7,0.59,0.333,0.6990000000000001,0.484,0.111,4.11,2.64,2.76,519242
2021,Garrett Whitlock,BOS,1,0,5,8.1,5.4,2.16,2.16,0.095,1.0,0.478,0.2,2.16,5.81,4.81,676477
2024,Alex Vesia,LAD,0,0,7,5.2,9.53,3.18,0.0,0.154,1.0,0.308,0.0,0.0,2.64,4.77,681911
2024,Tim Herrin,CLE,1,0,9,8.1,6.48,5.4,0.0,0.273,0.909,0.409,0.0,1.08,3.53,4.62,682120
2021,Nick Pivetta,BOS,1,0,3,13.2,9.22,3.29,1.98,0.194,1.0,0.235,0.143,2.63,5.07,4.93,601713
2019,Will Harris,HOU,0,1,12,9.2,10.24,0.93,1.86,0.261,1.0,0.48,0.182,1.86,3.94,3.51,501789
2019,Charlie Morton,TBR,2,0,2,10.0,11.7,4.5,0.9,0.292,0.948,0.56,0.2,0.9,3.41,3.11,119424
2024,Evan Phillips,LAD,2,0,5,6.2,8.1,4.05,0.0,0.176,1.0,0.235,0.0,0.0,2.72,5.21,623465
2018,Kyle Freeland,COL,0,0,1,6.2,8.1,1.35,0.0,0.235,1.0,0.471,0.0,0.0,1.81,3.05,607536
2023,Justin Verlander,HOU,1,1,3,18.1,6.87,2.95,1.47,0.255,0.904,0.296,0.103,2.95,5.0,5.49,434378
2021,Corbin Burnes,MIL,0,0,1,6.0,9.0,4.5,0.0,0.167,1.0,0.5,0.0,0.0,2.67,3.85,669203
2022,Jonathan Loáisiga,NYY,0,1,6,9.1,3.86,0.96,0.0,0.3,0.8,0.767,0.0,0.96,2.58,3.05,642528
2022,Robert Suarez,SDP,0,1,7,9.0,9.0,2.0,2.0,0.238,0.968,0.217,0.1669999999999999,3.0,4.67,3.75,663158
2018,Kenley Jansen,LAD,0,0,9,10.2,10.97,2.53,1.69,0.1,1.0,0.455,0.222,1.69,4.0,2.96,445276
2022,Héctor Neris,HOU,2,0,8,6.0,13.5,0.0,1.5,0.1,1.0,0.273,0.2,1.5,2.28,1.35,593576
2022,Kyle Wright,ATL,1,0,1,6.0,9.0,1.5,0.0,0.143,1.0,0.357,0.0,0.0,1.61,3.59,657140
2017,Jake Arrieta,CHC,1,1,2,10.2,10.97,8.44,0.84,0.174,0.959,0.318,0.1669999999999999,0.84,5.03,4.81,453562
2017,Clayton Kershaw,LAD,3,0,6,33.0,9.0,2.73,2.18,0.169,0.8590000000000001,0.47,0.25,3.82,5.22,3.79,477132
2019,José Urquidy,HOU,1,0,4,10.0,10.8,1.8,0.9,0.32,1.0,0.2,0.1,0.9,3.01,3.7,664353
2022,Andrew Bellatti,PHI,0,0,8,7.0,11.57,1.29,1.29,0.077,1.0,0.286,0.1,1.29,2.83,3.08,571479
2022,Shane Bieber,CLE,1,0,2,13.1,10.13,2.7,1.35,0.2,0.978,0.594,0.25,2.03,3.71,2.65,669456
2017,Aroldis Chapman,NYY,0,1,6,8.0,18.0,2.25,0.0,0.467,0.889,0.6,0.0,1.12,-0.09,0.8,547973
2018,Dellin Betances,NYY,1,0,3,5.1,11.81,1.69,0.0,0.231,0.75,0.5379999999999999,0.0,1.69,1.1,2.34,476454
2019,Kenta Maeda,LAD,0,0,4,4.2,13.5,0.0,0.0,0.125,1.0,0.375,0.0,0.0,0.21,1.92,628317
2024,Beau Brieske,DET,0,1,6,6.0,9.0,3.0,1.5,0.0,1.0,0.25,0.1669999999999999,1.5,4.33,3.68,689225
2017,Kenta Maeda,LAD,2,0,9,10.2,8.44,1.69,0.84,0.154,1.0,0.481,0.083,0.84,3.06,3.85,628317
2024,Mark Leiter Jr.,NYY,1,0,6,5.1,8.44,8.44,0.0,0.214,0.875,0.5379999999999999,0.0,1.69,4.1,4.95,117653
2018,Heath Hembree,BOS,0,0,4,4.2,5.79,9.64,0.0,0.0,1.0,0.375,0.0,0.0,5.09,6.15,592390
2022,Matt Brash,SEA,0,0,3,3.1,10.8,0.0,0.0,0.0,1.0,0.3329999999999999,0.0,0.0,0.71,1.6,666374
2017,Brian Duensing,CHC,1,1,5,5.1,6.75,6.75,0.0,0.077,0.8,0.636,0.0,1.69,3.91,4.57,488846
2023,Brandon Pfaadt,ARI,0,1,5,22.0,10.64,2.05,1.23,0.302,0.8079999999999999,0.37,0.136,3.27,3.35,3.23,694297
2019,Adam Wainwright,STL,0,1,3,16.2,10.26,1.62,0.54,0.286,0.89,0.405,0.059,1.62,2.25,3.5,425794
2021,Blake Treinen,LAD,0,1,8,8.2,8.31,2.08,0.0,0.227,0.7140000000000001,0.364,0.0,2.08,2.02,3.64,595014
2018,Collin McHugh,HOU,1,0,4,4.0,11.25,0.0,0.0,0.125,1.0,0.375,0.0,0.0,1.41,2.65,543521
2019,Sean Newcomb,ATL,1,0,4,3.2,9.82,0.0,0.0,0.0,1.0,0.7140000000000001,0.0,0.0,1.03,2.12,656794
2019,Blake Snell,TBR,0,1,3,5.1,11.81,0.0,1.69,0.25,1.0,0.154,0.125,1.69,3.03,3.57,605483
2017,Joe Smith,CLE,0,0,4,2.1,11.57,3.86,0.0,0.0,1.0,0.75,0.0,0.0,1.87,2.63,122457
2018,Rich Hill,LAD,0,0,4,16.2,9.18,6.48,0.0,0.214,0.818,0.4629999999999999,0.0,2.16,3.46,5.05,448179
2019,Josh Tomlin,ATL,0,0,2,3.2,4.91,0.0,0.0,0.2,1.0,0.7,0.0,0.0,2.12,3.21,458708
2024,Tanner Scott,SDP,0,0,5,4.1,14.54,4.15,0.0,0.25,1.0,0.429,0.0,0.0,1.32,2.37,656945
2019,Diego Castillo,TBR,0,0,4,5.2,12.71,3.18,0.0,0.385,1.0,0.462,0.0,0.0,1.45,3.56,660636
2022,Trevor Stephan,CLE,0,0,4,5.2,17.47,1.59,0.0,0.0,0.0,0.1669999999999999,0.0,1.59,-0.24,0.8,663986
2017,Adam Warren,NYY,0,0,3,4.1,4.15,2.08,0.0,0.154,0.667,0.308,0.0,2.08,2.93,5.8,476589
2024,Clay Holmes,NYY,3,1,13,12.0,9.0,3.75,0.75,0.241,0.873,0.536,0.125,2.25,3.75,3.67,605280
2021,Kenley Jansen,LAD,2,0,8,7.0,18.0,1.29,0.0,0.3,1.0,0.3,0.0,0.0,-0.4,0.61,445276
2019,Ryan Helsley,STL,0,0,5,5.1,13.5,1.69,0.0,0.111,1.0,0.444,0.0,0.0,0.78,2.27,664854
2022,Clay Holmes,NYY,0,0,5,6.0,10.5,3.0,0.0,0.154,1.0,0.667,0.0,0.0,2.28,2.77,605280
2024,Pedro Avila,CLE,1,0,3,4.0,6.75,4.5,0.0,0.0,1.0,0.25,0.0,0.0,3.17,5.43,658648
2023,Jhoan Duran,MIN,0,0,4,5.0,10.8,1.8,0.0,0.182,1.0,0.545,0.0,0.0,1.46,2.45,661395
2018,Chris Rusin,COL,0,0,4,4.0,4.5,4.5,0.0,0.182,1.0,0.545,0.0,0.0,3.66,4.9,543734
2024,Tobias Myers,MIL,0,0,1,5.0,9.0,0.0,0.0,0.167,1.0,0.1669999999999999,0.0,0.0,1.77,3.88,668964
2021,Phil Bickford,LAD,0,0,6,6.0,6.0,0.0,0.0,0.235,1.0,0.353,0.0,0.0,1.84,4.48,641360
2022,Jose Quintana,STL,0,0,1,5.1,5.06,1.69,0.0,0.133,1.0,0.467,0.0,0.0,2.55,4.49,500779
2022,Josh Hader,SDP,0,0,5,5.1,16.88,1.69,0.0,0.143,1.0,0.286,0.0,0.0,-0.08,1.31,623352
2021,Charlie Morton,ATL,0,1,4,16.2,11.88,5.4,1.08,0.25,0.8420000000000001,0.432,0.222,3.24,4.25,3.64,119424
2019,Michael Soroka,ATL,0,0,1,7.0,9.0,0.0,0.0,0.125,0.5,0.5,0.0,1.29,1.21,2.92,647336
2017,Luke Gregerson,HOU,0,0,5,3.2,12.27,4.91,0.0,0.25,1.0,0.625,0.0,0.0,2.07,3.04,502381
2022,David Robertson,PHI,1,0,8,7.2,12.91,5.87,1.17,0.313,1.0,0.471,0.143,1.17,3.9,3.55,502085
2022,Tyler Glasnow,TBR,0,0,1,5.0,9.0,0.0,0.0,0.167,1.0,0.5,0.0,0.0,1.11,2.3,607192
2024,Corbin Burnes,BAL,0,1,1,8.0,3.38,1.13,0.0,0.217,0.833,0.391,0.0,1.13,2.79,4.68,669203
2021,Andrew Kittredge,TBR,0,0,2,3.1,5.4,0.0,0.0,0.222,1.0,0.444,0.0,0.0,1.97,4.09,552640
2017,Tony Cingrani,LAD,0,0,7,5.0,5.4,3.6,1.8,0.167,1.0,0.583,0.3329999999999999,1.8,6.36,4.82,571561
2022,Joe Musgrove,SDP,1,1,3,18.2,8.68,2.89,0.48,0.286,0.765,0.44,0.0559999999999999,2.89,2.84,3.58,605397
2017,Rich Hill,LAD,0,0,4,17.2,12.23,4.08,1.53,0.256,0.952,0.4,0.188,2.55,4.01,3.41,448179
2017,CC Sabathia,NYY,1,1,4,19.0,9.0,4.74,0.47,0.273,0.7809999999999999,0.519,0.091,2.37,3.58,3.92,282332
2024,Tommy Kahnle,NYY,1,1,9,8.2,7.27,7.27,0.0,0.24,0.769,0.56,0.0,2.08,3.97,5.54,592454
2022,Wandy Peralta,NYY,0,0,7,8.2,8.31,1.04,0.0,0.36,0.7,0.52,0.0,3.12,1.61,2.81,593974
2024,John Schreiber,KCR,0,0,5,3.2,9.82,9.82,0.0,0.0,1.0,0.143,0.0,0.0,4.26,6.32,670167
2017,Carlos Carrasco,CLE,0,0,1,5.2,11.12,4.76,0.0,0.273,1.0,0.455,0.0,0.0,2.8,3.75,471911
2018,Dylan Floro,LAD,0,1,8,7.0,10.29,5.14,0.0,0.353,0.7,0.706,0.0,3.86,2.59,3.06,571670
2023,Dane Dunning,TEX,1,1,5,7.0,6.43,6.43,1.29,0.333,0.7759999999999999,0.727,0.1669999999999999,5.14,5.83,5.39,641540
2022,Tyler Anderson,LAD,0,0,1,5.0,10.8,3.6,0.0,0.182,1.0,0.455,0.0,0.0,1.91,3.39,542881
2021,Kyle Wright,ATL,0,0,2,5.2,9.53,4.76,1.59,0.267,1.0,0.563,0.3329999999999999,1.59,4.93,3.57,657140
2021,Ryan Tepera,CHW,0,0,3,4.2,5.79,0.0,0.0,0.167,0.5,0.364,0.0,1.93,1.88,3.77,572193
2018,Corbin Burnes,MIL,1,0,6,9.0,11.0,1.0,0.0,0.222,0.667,0.3329999999999999,0.0,2.0,1.38,2.67,669203
2021,Alex Wood,SFG,0,0,1,4.2,7.71,3.86,0.0,0.167,1.0,0.364,0.0,0.0,2.74,5.01,622072
2021,Clay Holmes,NYY,0,0,1,2.0,4.5,0.0,0.0,0.25,1.0,0.75,0.0,0.0,2.17,3.05,605280
2024,Sean Guenther,DET,1,0,4,3.0,0.0,3.0,0.0,0.2,0.667,0.8,0.0,3.0,4.17,4.67,674944
2022,Seranthony Domínguez,PHI,2,0,9,10.2,15.19,0.84,0.0,0.333,0.75,0.381,0.0,1.69,0.02,1.13,622554
2019,Luis Cessa,NYY,0,0,2,4.0,9.0,0.0,0.0,0.222,1.0,0.625,0.0,0.0,1.96,2.96,570666
2021,Freddy Peralta,MIL,0,0,1,4.0,11.25,2.25,0.0,0.333,1.0,0.222,0.0,0.0,1.42,3.63,642547
2017,Bryan Shaw,CLE,0,0,3,6.0,7.5,0.0,1.5,0.214,1.0,0.467,0.2,1.5,3.66,2.97,543766
2023,Jon Gray,TEX,1,0,3,5.2,12.71,1.59,0.0,0.308,0.8,0.385,0.0,1.59,0.96,2.42,592351
2021,David Robertson,TBR,0,0,3,4.0,4.5,2.25,0.0,0.231,1.0,0.385,0.0,0.0,2.92,5.57,502085
2019,Luis Severino,NYY,0,1,2,8.1,10.8,5.4,2.16,0.318,1.0,0.375,0.182,2.16,5.73,5.24,622663
2018,David Price,BOS,3,1,6,26.0,7.96,4.15,1.38,0.209,0.82,0.357,0.121,3.46,4.78,4.87,456034
2019,Joe Smith,HOU,0,0,10,8.2,7.27,2.08,1.04,0.208,0.758,0.44,0.091,3.12,3.79,4.82,122457
2023,Griffin Jax,MIN,0,0,4,3.2,12.27,0.0,0.0,0.143,1.0,0.5710000000000001,0.0,0.0,0.53,1.43,643377
2023,Michael Lorenzen,PHI,0,0,2,2.2,3.38,6.75,0.0,0.25,1.0,0.5,0.0,0.0,4.76,6.0,547179
2023,Emilio Pagán,MIN,0,0,2,2.0,4.5,4.5,0.0,0.0,1.0,0.0,0.0,0.0,3.76,7.06,641941
2019,Tommy Kahnle,NYY,1,0,8,8.0,9.0,3.38,1.13,0.15,0.893,0.286,0.1,2.25,3.96,4.83,592454
2024,Edwin Díaz,NYM,1,0,6,8.2,13.5,7.27,0.0,0.235,0.727,0.235,0.0,3.12,2.59,4.16,621242
2019,Justin Verlander,HOU,1,4,6,35.1,9.68,3.57,2.04,0.256,0.823,0.29,0.148,4.33,5.2,5.29,434378
2018,Tyler Anderson,COL,0,1,1,6.0,7.5,3.0,0.0,0.25,0.833,0.063,0.0,1.5,2.49,5.25,542881
2021,Max Fried,ATL,2,2,5,27.2,9.43,0.98,0.98,0.346,0.705,0.494,0.136,4.23,2.92,2.91,608331
2023,Hoby Milner,MIL,0,0,2,2.1,7.71,0.0,0.0,0.333,1.0,0.5,0.0,0.0,1.54,2.96,571948
2018,Carlos Carrasco,CLE,0,1,1,5.1,5.06,1.69,0.0,0.333,0.7140000000000001,0.765,0.0,3.38,2.6,3.22,471911
2019,Nick Anderson,TBR,0,0,4,5.2,12.71,0.0,0.0,0.385,0.8,0.154,0.0,1.59,0.39,2.15,623433
2018,Sean Newcomb,ATL,0,0,2,4.2,3.86,5.79,0.0,0.167,0.6,0.455,0.0,1.93,4.23,5.65,656794
2017,Alex Wood,LAD,0,1,3,12.1,9.49,1.46,2.92,0.042,1.0,0.429,0.4,2.92,5.75,2.98,622072
2021,A.J. Minter,ATL,1,1,8,12.0,13.5,3.0,0.0,0.308,0.6920000000000001,0.385,0.0,3.0,1.42,2.89,621345
2021,Jesse Chavez,ATL,0,0,7,6.1,2.84,4.26,0.0,0.227,1.0,0.381,0.0,0.0,3.96,6.47,445926
2022,Jason Adam,TBR,0,0,1,2.0,9.0,0.0,0.0,0.333,1.0,1.0,0.0,0.0,2.61,2.61,592094
2022,Tim Hill,SDP,1,0,3,2.2,6.75,0.0,0.0,0.143,1.0,0.857,0.0,0.0,1.61,1.61,657612
2023,DL Hall,BAL,0,0,2,3.1,16.2,2.7,0.0,0.2,1.0,0.4,0.0,0.0,0.56,2.04,669084
2018,David Robertson,NYY,0,0,3,3.2,17.18,2.45,0.0,0.0,1.0,0.25,0.0,0.0,0.16,1.06,502085
2018,Jon Lester,CHC,0,0,1,6.0,13.5,1.5,0.0,0.308,0.8,0.385,0.0,1.5,0.66,1.76,452657
2021,Nathan Eovaldi,BOS,2,2,5,20.2,10.89,2.18,0.87,0.309,0.613,0.3329999999999999,0.083,4.79,2.73,3.53,543135
2023,Chris Paddack,MIN,0,0,2,3.2,14.73,0.0,0.0,0.167,1.0,0.3329999999999999,0.0,0.0,-0.02,1.34,663978
2023,Spencer Strider,ATL,0,2,2,12.2,10.66,3.55,2.84,0.296,1.0,0.484,0.364,2.84,6.41,3.74,675911
2024,Ben Casparius,LAD,1,0,4,6.1,7.11,7.11,0.0,0.176,0.875,0.412,0.0,1.42,3.96,6.1,676508
2022,Evan Phillips,LAD,0,0,3,3.1,16.2,2.7,0.0,0.25,1.0,1.0,0.0,0.0,0.41,0.41,623465
2021,JT Chargois,TBR,0,0,4,3.1,5.4,2.7,0.0,0.3,1.0,0.5,0.0,0.0,2.87,4.46,608638
2017,Pedro Strop,CHC,0,0,5,5.1,1.69,5.06,0.0,0.063,0.8,0.625,0.0,1.69,5.03,7.03,467008
2018,Masahiro Tanaka,NYY,1,0,1,5.0,7.2,1.8,1.8,0.154,1.0,0.357,0.125,1.8,4.76,4.8,547888
2024,Nick Mears,MIL,0,0,2,2.1,11.57,0.0,0.0,0.0,1.0,0.25,0.0,0.0,0.6,1.89,683232
2018,Mike Clevinger,CLE,0,0,1,5.0,16.2,5.4,1.8,0.25,1.0,0.3329999999999999,0.1669999999999999,1.8,4.56,3.94,605182
2023,Brusdar Graterol,LAD,0,0,2,3.0,6.0,3.0,0.0,0.143,1.0,0.5710000000000001,0.0,0.0,2.92,2.92,660813
2023,Raisel Iglesias,ATL,0,0,3,2.1,7.71,0.0,0.0,0.0,1.0,0.0,0.0,0.0,1.54,4.38,628452
2017,Andrew Miller,CLE,0,1,4,5.0,14.4,3.6,1.8,0.3,1.0,0.4,0.25,1.8,3.76,2.58,453192
2024,Lucas Erceg,KCR,0,0,5,6.0,9.0,4.5,1.5,0.214,0.893,0.6,0.3329999999999999,3.0,4.83,3.42,668674
2019,Colin Poche,TBR,0,0,5,4.1,12.46,0.0,2.08,0.125,1.0,0.111,0.143,2.08,3.44,3.66,621363
2018,Freddy Peralta,MIL,0,0,1,3.0,18.0,9.0,0.0,0.0,1.0,1.0,0.0,0.0,2.16,2.16,642547
2018,Julio Urías,LAD,1,0,7,6.1,7.11,1.42,1.42,0.176,0.833,0.222,0.083,2.84,4.11,5.18,628711
2019,Darren O'Day,ATL,0,0,4,2.0,9.0,0.0,0.0,0.25,1.0,0.0,0.0,0.0,1.21,3.2,503285
2024,Reese Olson,DET,0,0,2,9.0,8.0,2.0,1.0,0.269,0.938,0.5379999999999999,0.125,2.0,3.83,3.73,681857
2024,Jose Quintana,NYM,0,1,3,14.1,8.16,4.4,0.63,0.244,0.7390000000000001,0.5,0.063,3.14,3.93,4.71,500779
2024,Sam Long,KCR,0,0,5,4.0,4.5,9.0,0.0,0.091,0.8,0.455,0.0,2.25,5.17,6.68,669674
2024,Hunter Brown,HOU,0,0,1,5.2,14.29,3.18,1.59,0.1,1.0,0.455,0.25,1.59,3.34,2.12,686613
2022,Enyel De Los Santos,CLE,0,0,3,3.1,2.7,2.7,0.0,0.2,1.0,0.4,0.0,0.0,3.41,5.19,113792
2023,Hunter Brown,HOU,0,0,4,7.0,7.71,1.29,1.29,0.278,0.893,0.421,0.25,2.57,3.83,2.91,686613
2023,Tyler Wells,BAL,0,0,3,3.1,8.1,0.0,0.0,0.125,1.0,0.125,0.0,0.0,1.46,4.93,669330
2022,Gerrit Cole,NYY,2,1,3,18.1,11.29,1.96,1.47,0.267,0.774,0.396,0.188,2.95,3.71,2.88,543037
2018,Aroldis Chapman,NYY,0,0,3,3.0,12.0,3.0,0.0,0.2,1.0,0.6,0.0,0.0,1.49,2.04,547973
2023,Joel Payamps,MIL,0,0,1,1.2,10.8,5.4,0.0,0.333,1.0,1.0,0.0,0.0,2.66,2.66,606303
2024,Brant Hurter,DET,1,0,2,5.0,1.8,3.6,0.0,0.35,1.0,0.4,0.0,0.0,4.57,6.68,676428
2024,Robert Suarez,SDP,0,0,3,3.1,5.4,0.0,0.0,0.111,1.0,0.444,0.0,0.0,1.97,3.78,663158
2018,Lou Trivino,OAK,0,0,1,3.0,12.0,3.0,0.0,0.2,1.0,0.8,0.0,0.0,1.49,2.04,642152
2022,Pierce Johnson,SDP,0,0,3,4.1,12.46,0.0,0.0,0.222,1.0,0.444,0.0,0.0,0.34,2.05,572955
2019,Jesús Luzardo,OAK,0,0,1,3.0,12.0,6.0,0.0,0.167,1.0,0.5,0.0,0.0,2.55,3.87,666200
2017,Josh Tomlin,CLE,1,0,2,3.0,12.0,0.0,0.0,0.0,1.0,0.4,0.0,0.0,0.49,1.68,458708
2019,J.A. Happ,NYY,0,1,3,3.2,7.36,4.91,2.45,0.111,1.0,0.5,0.25,2.45,6.76,5.38,457918
2019,Tyler Lyons,NYY,0,0,2,1.2,21.6,0.0,0.0,0.0,1.0,0.0,0.0,0.0,-1.59,-0.39,544928
2022,Yu Darvish,SDP,2,1,4,25.0,8.28,2.16,2.52,0.21,1.0,0.261,0.179,2.88,5.99,4.66,506433
2017,Sean Doolittle,WSN,0,0,3,3.0,12.0,0.0,0.0,0.2,1.0,0.2,0.0,0.0,0.49,1.68,448281
2022,José Urquidy,HOU,0,0,1,3.0,12.0,3.0,0.0,0.167,1.0,0.1669999999999999,0.0,0.0,1.45,3.91,664353
2024,Aaron Civale,MIL,0,0,1,3.0,6.0,3.0,0.0,0.0,1.0,0.429,0.0,0.0,2.83,3.84,650644
2019,Daniel Hudson,WSN,1,0,9,9.2,9.31,3.72,0.93,0.345,0.8220000000000001,0.1669999999999999,0.05,3.72,4.04,6.81,543339
2018,Justin Verlander,HOU,2,1,3,17.1,8.83,4.15,1.04,0.205,0.679,0.435,0.1,4.15,4.08,4.49,434378
2018,Caleb Ferguson,LAD,0,0,6,3.0,9.0,3.0,0.0,0.0,1.0,0.667,0.0,0.0,2.16,3.26,657571
2022,Ryne Stanek,HOU,0,0,4,3.0,18.0,3.0,0.0,0.0,1.0,0.0,0.0,0.0,0.11,1.1,592773
2024,Will Vest,DET,1,0,6,6.0,13.5,0.0,0.0,0.231,0.667,0.25,0.0,1.5,0.17,1.68,676684
2019,Julio Urías,LAD,0,1,3,3.2,0.0,0.0,0.0,0.267,0.25,0.286,0.0,7.36,3.21,7.01,628711
2018,Ryan Brasier,BOS,0,0,9,8.2,7.27,5.19,0.0,0.269,0.923,0.44,0.0,1.04,3.62,5.34,518489
2024,Keider Montero,DET,0,0,2,3.0,9.0,0.0,0.0,0.143,1.0,0.143,0.0,0.0,1.17,4.19,672456
2019,James Paxton,NYY,1,0,3,13.0,13.85,4.85,1.38,0.379,0.872,0.29,0.154,3.46,3.75,3.74,572020
2018,Junior Guerra,MIL,0,1,2,4.2,9.64,0.0,0.0,0.2,0.5,0.5,0.0,1.93,1.02,2.43,448855
2023,Seranthony Domínguez,PHI,0,0,6,5.1,11.81,5.06,0.0,0.375,0.889,0.375,0.0,0.0,2.32,3.87,622554
2024,Ranger Suárez,PHI,0,0,1,4.1,16.62,8.31,0.0,0.556,1.0,0.556,0.0,0.0,2.24,3.29,624133
2017,David Hernandez,ARI,0,0,2,1.2,5.4,0.0,0.0,0.2,1.0,0.6,0.0,0.0,1.96,4.09,456696
2024,Gerrit Cole,NYY,1,0,5,29.0,6.83,3.1,0.31,0.286,0.674,0.239,0.02,2.17,3.13,5.24,543037
2023,Jeff Hoffman,PHI,1,1,8,7.0,11.57,1.29,1.29,0.267,0.893,0.563,0.1669999999999999,2.57,3.4,2.96,656546
2023,Slade Cecconi,ARI,0,0,2,2.0,4.5,0.0,0.0,0.4,1.0,0.4,0.0,0.0,2.26,3.91,677944
2024,Aaron Bummer,ATL,0,0,1,2.2,3.38,3.38,0.0,0.0,1.0,0.8,0.0,0.0,3.54,4.11,607481
2021,Pete Fairbanks,TBR,0,0,2,2.2,6.75,3.38,3.38,0.0,1.0,0.3329999999999999,0.25,3.38,7.67,5.44,664126
2024,Cade Smith,CLE,1,0,9,10.0,14.4,1.8,0.9,0.222,0.536,0.278,0.091,3.6,1.87,2.23,671922
2018,Touki Toussaint,ATL,1,0,2,3.0,6.0,12.0,0.0,0.143,1.0,0.5710000000000001,0.0,0.0,5.83,6.93,657053
2021,Adam Wainwright,STL,0,0,1,5.1,8.44,3.38,1.69,0.231,1.0,0.5379999999999999,0.25,1.69,4.86,3.74,425794
2021,Josh Taylor,BOS,0,0,6,4.0,4.5,0.0,0.0,0.286,0.75,0.429,0.0,2.25,2.17,4.38,657031
2018,Rick Porcello,BOS,1,0,5,15.1,6.46,1.17,1.76,0.255,0.87,0.327,0.136,3.52,4.86,4.68,519144
2022,Kyle Gibson,PHI,0,0,2,2.1,7.71,3.86,0.0,0.286,1.0,0.857,0.0,0.0,2.68,3.32,502043
2023,Cody Bradford,TEX,1,0,5,7.2,5.87,0.0,1.17,0.143,1.0,0.19,0.067,1.17,3.65,5.19,674003
2021,Eric Lauer,MIL,0,0,1,3.2,4.91,4.91,0.0,0.333,0.7140000000000001,0.083,0.0,4.91,4.53,9.35,641778
2022,Shane McClanahan,TBR,0,1,1,7.0,6.43,0.0,1.29,0.286,0.893,0.682,0.1669999999999999,2.57,3.54,2.95,663556
2024,Reed Garrett,NYM,1,0,7,8.1,10.8,2.16,2.16,0.188,0.5770000000000001,0.389,0.4,5.4,4.97,2.75,657585
2022,Trevor Richards,TOR,0,0,1,1.0,9.0,9.0,0.0,0.0,1.0,0.5,0.0,0.0,4.11,5.59,670950
2019,Ryan Yarbrough,TBR,1,0,3,3.0,3.0,3.0,0.0,0.222,1.0,0.222,0.0,0.0,3.55,6.86,642232
2022,Hunter Brown,HOU,0,0,3,3.2,2.45,7.36,0.0,0.2,1.0,0.7,0.0,0.0,5.02,5.83,686613
2024,Trevor Megill,MIL,0,0,2,2.1,15.43,0.0,0.0,0.0,1.0,0.0,0.0,0.0,1.02,2.97,656730
2022,Luis Garcia,HOU,1,1,2,5.2,9.53,0.0,1.59,0.214,1.0,0.4,0.143,1.59,3.29,2.82,150193
2022,Matt Festa,SEA,0,0,2,3.1,5.4,0.0,0.0,0.111,0.0,0.556,0.0,2.7,1.91,3.69,670036
2023,Pierce Johnson,ATL,0,0,3,2.2,13.5,6.75,0.0,0.286,1.0,0.3329999999999999,0.0,0.0,2.51,4.37,572955
2023,Joe Mantiply,ARI,2,1,9,7.2,7.04,4.7,0.0,0.261,0.5,0.522,0.0,4.7,3.26,4.98,573009
2021,Alex Vesia,LAD,0,0,7,4.1,14.54,6.23,2.08,0.444,1.0,0.3,0.1669999999999999,2.08,5.02,4.46,681911
2023,Evan Phillips,LAD,0,0,2,2.1,11.57,3.86,0.0,0.286,1.0,0.667,0.0,0.0,3.26,4.67,623465
2022,Rafael Montero,HOU,1,0,10,9.1,9.64,5.79,0.96,0.182,0.938,0.261,0.091,1.93,4.29,4.64,606160
2022,Andrew Heaney,LAD,0,0,1,3.0,12.0,6.0,3.0,0.286,1.0,0.143,0.2,3.0,6.78,4.91,571760
2022,Triston McKenzie,CLE,0,0,2,11.0,10.64,2.45,1.64,0.167,0.8059999999999999,0.346,0.133,3.27,3.93,3.59,663474
2019,Brad Peacock,HOU,0,0,5,5.2,11.12,6.35,0.0,0.214,0.7140000000000001,0.7140000000000001,0.0,3.18,2.86,3.56,502748
2019,Brandon Woodruff,MIL,0,0,1,4.0,6.75,0.0,2.25,0.1,1.0,0.364,0.1669999999999999,2.25,4.96,4.7,605540
2024,Tim Hill,NYY,0,0,10,8.1,3.24,2.16,0.0,0.259,0.778,0.556,0.0,1.08,3.17,4.26,657612
2019,Jack Flaherty,STL,1,2,3,17.0,11.65,2.12,1.06,0.349,0.7290000000000001,0.535,0.222,4.24,3.04,2.56,656427
2021,Brandon Woodruff,MIL,0,1,2,7.1,9.82,1.23,1.23,0.263,0.7140000000000001,0.526,0.1669999999999999,3.68,3.17,2.84,605540
2018,Germán Márquez,COL,0,1,1,5.0,9.0,1.8,1.8,0.4,0.909,0.75,0.5,3.6,4.36,2.42,608566
2019,Dustin May,LAD,0,0,2,3.1,2.7,2.7,0.0,0.3,0.75,0.444,0.0,2.7,3.51,4.71,669160
2024,Daysbel Hernández,ATL,0,0,1,2.1,11.57,3.86,0.0,0.2,1.0,0.4,0.0,0.0,1.88,3.18,678226
2022,Sam Hentges,CLE,1,0,3,6.1,14.21,2.84,2.84,0.273,1.0,0.5379999999999999,0.667,2.84,5.01,1.6,656529
2023,José Berríos,TOR,0,1,1,3.0,15.0,3.0,0.0,0.5,0.75,0.667,0.0,3.0,0.92,0.92,621244
2021,Kevin Gausman,SFG,0,1,2,6.0,10.5,4.5,0.0,0.267,0.429,0.429,0.0,6.0,2.34,3.22,592332
2021,Evan Phillips,LAD,1,0,2,3.0,18.0,6.0,0.0,0.25,1.0,0.25,0.0,0.0,1.17,2.35,623465
2018,Dallas Keuchel,HOU,0,0,2,10.0,1.8,2.7,0.9,0.2,0.7290000000000001,0.514,0.091,3.6,4.96,5.48,572971
2022,Zach Eflin,PHI,0,0,10,10.2,10.13,1.69,0.84,0.4,0.809,0.516,0.091,3.38,2.64,2.95,621107
2019,Drew Pomeranz,MIL,0,0,1,2.0,9.0,0.0,0.0,0.0,1.0,0.75,0.0,0.0,1.21,1.21,519141
2024,Seranthony Domínguez,BAL,0,0,2,1.2,10.8,0.0,0.0,0.0,1.0,0.0,0.0,0.0,0.77,2.58,622554
2017,Brandon Kintzler,WSN,0,1,3,3.1,5.4,5.4,0.0,0.143,0.5,0.5,0.0,5.4,4.66,5.19,445213
2017,Chris Rusin,COL,0,0,1,2.1,11.57,7.71,0.0,0.333,1.0,0.5,0.0,0.0,3.16,4.68,543734
2022,A.J. Minter,ATL,0,0,2,2.2,13.5,0.0,0.0,0.2,0.0,0.6,0.0,6.75,1.24,2.35,621345
2021,Cristian Javier,HOU,0,1,6,10.2,16.03,5.06,2.53,0.235,1.0,0.15,0.188,3.38,5.23,4.22,664299
2022,Kevin Gausman,TOR,0,0,1,5.2,11.12,1.59,0.0,0.313,0.3329999999999999,0.313,0.0,6.35,1.17,3.0,592332
2024,Walker Buehler,LAD,1,1,4,15.0,7.8,3.0,0.6,0.256,0.723,0.455,0.059,3.6,3.5,4.35,621111
2021,Justin Bruihl,LAD,0,0,3,2.0,22.5,0.0,0.0,0.5,1.0,0.5,0.0,0.0,-1.83,-1.83,677865
2018,Jonny Venters,ATL,0,1,2,2.0,4.5,4.5,0.0,0.286,0.3329999999999999,0.5710000000000001,0.0,9.0,3.66,6.14,458924
2021,Brad Boxberger,MIL,0,0,2,2.0,9.0,4.5,0.0,0.0,1.0,0.25,0.0,0.0,2.67,5.32,502202
2019,Kenley Jansen,LAD,0,0,2,1.2,10.8,0.0,0.0,0.0,1.0,0.3329999999999999,0.0,0.0,0.81,3.2,445276
2022,Garrett Cleavinger,TBR,0,0,2,2.1,23.14,0.0,0.0,0.5,1.0,0.5,0.0,0.0,-2.03,-1.4,664076
2024,Joe Ross,MIL,1,0,2,1.2,0.0,5.4,0.0,0.0,1.0,0.25,0.0,0.0,4.97,6.78,605452
2021,Corey Knebel,LAD,0,0,7,5.2,17.47,1.59,0.0,0.455,0.667,0.273,0.0,3.18,-0.18,1.37,608349
2022,James Karinchak,CLE,0,0,4,5.0,10.8,7.2,0.0,0.273,1.0,0.0,0.0,0.0,3.71,5.78,675916
2024,Kris Bubic,KCR,0,1,4,4.2,5.79,5.79,1.93,0.286,1.0,0.4,0.2,1.93,6.6,5.43,663460
2022,Jordan Montgomery,STL,0,0,1,2.2,10.13,10.13,0.0,0.4,1.0,0.5,0.0,0.0,4.24,5.35,656756
2022,Jackson Stephens,ATL,0,0,1,2.0,9.0,0.0,0.0,0.2,1.0,0.4,0.0,0.0,1.11,3.33,623451
2022,Seth Lugo,NYM,0,0,3,2.0,13.5,4.5,0.0,0.4,1.0,0.8,0.0,0.0,1.61,2.35,607625
2018,Julio Teheran,ATL,0,0,1,1.2,10.8,0.0,0.0,0.333,1.0,0.667,0.0,0.0,0.76,0.76,527054
2018,Ryan Pressly,HOU,0,0,5,5.0,12.6,5.4,0.0,0.1,0.75,0.7,0.0,1.8,2.16,2.82,519151
2023,Shelby Miller,LAD,0,0,1,2.0,13.5,0.0,0.0,0.25,1.0,0.5,0.0,0.0,0.26,1.91,571946
2018,A.J. Minter,ATL,0,0,2,2.0,13.5,4.5,0.0,0.25,1.0,0.25,0.0,0.0,1.66,3.31,621345
2017,Matt Albers,WSN,0,0,2,2.1,0.0,3.86,0.0,0.125,1.0,0.5,0.0,0.0,4.44,6.73,458006
2022,Noah Syndergaard,PHI,0,1,4,8.1,8.64,1.08,2.16,0.2,0.952,0.318,0.143,3.24,4.67,4.04,592789
2017,Scott Oberg,COL,0,0,1,0.2,27.0,0.0,0.0,0.0,1.0,0.0,0.0,0.0,-2.84,-2.84,623184
2021,Luis García,STL,0,0,1,1.2,0.0,5.4,0.0,0.167,1.0,0.3329999999999999,0.0,0.0,4.97,7.09,408202
2017,Joe Kelly,BOS,1,0,2,2.2,3.37,0.0,0.0,0.4,1.0,0.3,0.0,0.0,2.41,4.41,116950
2018,Cole Hamels,CHC,0,0,1,2.0,4.5,4.5,0.0,0.25,1.0,0.625,0.0,0.0,3.66,5.31,430935
2024,Ronel Blanco,HOU,0,0,1,2.0,18.0,13.5,0.0,0.333,1.0,0.667,0.0,0.0,3.67,4.42,669854
2022,Cody Morris,CLE,0,0,1,2.0,13.5,0.0,0.0,0.0,1.0,0.3329999999999999,0.0,0.0,0.11,1.59,663752
2023,Danny Coulombe,BAL,0,0,2,1.0,9.0,9.0,0.0,0.0,1.0,1.0,0.0,0.0,4.26,4.26,543056
2017,Tony Watson,LAD,2,0,11,7.0,3.86,1.29,0.0,0.227,0.5710000000000001,0.545,0.0,2.57,3.16,4.68,453265
2022,Trevor May,NYM,0,0,2,2.1,15.43,3.86,0.0,0.0,1.0,0.0,0.0,0.0,0.97,2.24,543507
2023,Jordan Romano,TOR,0,0,1,1.1,6.75,0.0,0.0,0.25,1.0,0.75,0.0,0.0,4.01,5.25,605447
2018,Arodys Vizcaíno,ATL,0,0,2,2.0,22.5,4.5,0.0,0.5,1.0,0.0,0.0,0.0,-0.34,0.49,527055
2022,Miguel Castro,NYY,0,0,2,2.0,9.0,0.0,0.0,0.0,1.0,0.5,0.0,0.0,1.11,1.85,612434
2023,Zack Littell,TBR,0,0,1,2.0,18.0,0.0,0.0,0.0,1.0,0.0,0.0,0.0,0.76,2.41,641793
2022,Chris Martin,LAD,0,0,2,2.0,4.5,0.0,0.0,0.375,1.0,0.5,0.0,0.0,2.11,2.85,455119
2024,Jesse Chavez,ATL,0,0,1,2.0,4.5,0.0,0.0,0.0,1.0,0.0,0.0,0.0,2.17,5.19,445926
2019,Devin Smeltzer,MIN,0,0,1,3.1,10.8,8.1,0.0,0.286,1.0,0.286,0.0,0.0,3.51,4.71,656970
2019,Zack Greinke,HOU,0,2,5,25.0,9.0,3.6,2.16,0.277,0.8270000000000001,0.371,0.24,4.68,5.65,4.52,425844
2019,Aroldis Chapman,NYY,0,1,5,5.1,15.19,6.75,1.69,0.125,0.87,0.222,0.25,3.37,4.53,3.58,547973
2022,Giovanny Gallegos,STL,0,0,2,2.1,3.86,3.86,0.0,0.0,1.0,0.3329999999999999,0.0,0.0,3.54,4.81,606149
2024,Zach Eflin,BAL,0,0,1,4.0,6.75,2.25,0.0,0.308,0.833,0.615,0.0,2.25,3.17,5.06,621107
2024,Angel Zerpa,KCR,2,0,5,4.0,11.25,6.75,0.0,0.25,0.8,0.75,0.0,2.25,2.92,3.67,672582
2024,Brenan Hanifee,DET,0,0,1,1.2,10.8,5.4,0.0,0.25,1.0,0.5,0.0,0.0,2.57,2.57,669724
2023,Rafael Montero,HOU,0,0,5,5.0,14.4,5.4,0.0,0.222,0.5,0.444,0.0,3.6,2.46,3.12,606160
2022,Drew Rasmussen,TBR,0,0,1,1.2,10.8,0.0,0.0,0.0,1.0,0.3329999999999999,0.0,0.0,0.71,0.71,656876
2017,Danny Salazar,CLE,0,0,1,1.2,16.2,10.8,0.0,0.0,0.5,0.667,0.0,0.0,3.16,4.22,517593
2022,Collin McHugh,ATL,0,0,2,3.1,10.8,2.7,2.7,0.25,1.0,0.222,0.2,2.7,5.51,3.83,543521
2023,Aroldis Chapman,TEX,0,0,9,8.0,6.75,5.63,1.13,0.286,0.948,0.5,0.111,2.25,5.63,5.87,547973
2019,Génesis Cabrera,STL,0,0,2,1.2,5.4,0.0,0.0,0.2,1.0,0.4,0.0,0.0,2.01,5.59,650893
2022,Connor Brogdon,PHI,0,0,7,8.2,13.5,2.08,0.0,0.333,0.75,0.222,0.0,2.08,0.8,2.0,641401
2019,Jake Odorizzi,MIN,0,1,1,5.0,9.0,0.0,1.8,0.286,0.833,0.357,0.143,3.6,3.81,4.0,543606
2023,Elvis Peguero,MIL,0,0,2,1.2,10.8,0.0,0.0,0.25,1.0,1.0,0.0,0.0,0.86,0.86,665625
2017,Taylor Rogers,MIN,0,0,1,0.1,27.0,0.0,0.0,0.0,1.0,0.0,0.0,0.0,-2.84,-2.84,573124
2018,Walker Buehler,LAD,0,1,4,23.2,11.03,1.52,1.14,0.226,0.608,0.491,0.1669999999999999,3.8,2.86,2.47,621111
2017,Cody Allen,CLE,0,0,4,5.1,13.5,5.06,0.0,0.357,0.75,0.214,0.0,1.69,1.85,3.51,592102
2022,Adam Cimber,TOR,0,0,2,1.0,0.0,18.0,0.0,0.0,1.0,0.667,0.0,0.0,9.11,10.59,643256
2019,Adam Kolarek,LAD,0,0,3,1.0,18.0,0.0,0.0,0.0,1.0,1.0,0.0,0.0,-0.79,-0.79,592473
2019,Trevor May,MIN,0,0,2,1.0,18.0,0.0,0.0,0.5,1.0,0.5,0.0,0.0,-0.79,1.2,543507
2022,Eli Morgan,CLE,1,0,3,3.1,13.5,0.0,0.0,0.286,0.5,0.143,0.0,2.7,0.11,2.33,669212
2023,Joe Kelly,LAD,0,0,1,1.2,16.2,5.4,0.0,0.5,1.0,0.5,0.0,0.0,1.46,1.46,116950
2023,Cionel Pérez,BAL,0,0,2,1.2,21.6,5.4,0.0,0.5,1.0,1.0,0.0,0.0,0.26,0.26,672335
2019,Hyun Jin Ryu,LAD,1,0,1,5.0,5.4,3.6,1.8,0.214,0.87,0.4,0.1669999999999999,3.6,5.81,5.6,547943
2023,Caleb Ferguson,LAD,0,0,2,2.1,7.71,3.86,0.0,0.0,1.0,1.0,0.0,0.0,2.83,2.83,657571
2023,Chad Green,TOR,0,0,1,1.1,6.75,0.0,0.0,0.0,1.0,0.667,0.0,0.0,1.76,3.0,643338
2024,Joe Musgrove,SDP,0,0,1,3.2,9.82,0.0,0.0,0.125,0.0,0.625,0.0,2.45,0.98,1.81,605397
2023,Yimi García,TOR,0,0,1,1.1,20.25,6.75,0.0,0.0,1.0,0.0,0.0,0.0,1.01,2.25,554340
2017,Jaime García,NYY,0,0,1,2.2,10.12,6.75,0.0,0.0,1.0,0.0,0.0,0.0,3.16,5.83,448802
2021,José Ruiz,CHW,0,0,1,1.1,6.75,0.0,0.0,0.0,1.0,0.3329999999999999,0.0,0.0,1.67,4.32,614179
2021,J.P. Feyereisen,TBR,0,1,3,3.2,4.91,0.0,0.0,0.4,0.833,0.462,0.0,2.45,2.08,4.97,656420
2024,Yoshinobu Yamamoto,LAD,2,0,4,18.2,7.23,2.89,1.45,0.184,0.743,0.5579999999999999,0.1669999999999999,3.86,4.77,4.14,808967
2024,Dylan Lee,ATL,0,0,1,1.2,0.0,0.0,0.0,0.167,1.0,0.4,0.0,0.0,3.17,4.98,669276
2022,Shawn Armstrong,TBR,0,0,1,1.1,20.25,0.0,0.0,0.5,1.0,0.5,0.0,0.0,-1.39,-1.39,542888
2024,Bryan Abreu,HOU,0,0,1,1.1,13.5,6.75,0.0,0.0,1.0,1.0,0.0,0.0,2.42,2.42,650556
2022,Jordan Hicks,STL,0,0,2,1.2,5.4,5.4,0.0,0.0,1.0,0.667,0.0,0.0,3.71,4.6,663855
2017,Ryan Madson,WSN,0,0,4,4.0,9.0,4.5,0.0,0.273,0.833,0.636,0.0,2.25,3.41,3.85,425492
2018,Gerrit Cole,HOU,1,1,2,13.0,11.77,1.38,0.69,0.258,0.521,0.406,0.071,3.46,2.01,2.79,543037
2018,Hyun Jin Ryu,LAD,1,2,4,19.0,9.47,1.42,0.47,0.379,0.61,0.508,0.0559999999999999,5.21,2.21,3.09,547943
2023,Kyle Gibson,BAL,0,0,1,3.0,3.0,3.0,3.0,0.0,1.0,0.25,0.25,3.0,7.92,5.79,502043
2019,Javy Guerra,WSN,0,0,2,3.0,3.0,0.0,3.0,0.385,1.0,0.214,0.2,3.0,6.88,5.86,642770
2024,David Peterson,NYM,1,0,5,12.1,5.84,5.84,0.73,0.325,0.825,0.5,0.1,2.92,4.87,5.04,656849
2019,Tanner Rainey,WSN,0,0,9,6.2,8.1,6.75,1.35,0.125,0.455,0.059,0.077,6.75,5.61,7.54,663432
2024,Ben Lively,CLE,0,0,1,1.1,13.5,6.75,0.0,0.333,1.0,0.667,0.0,0.0,2.42,2.42,594902
2022,Jacob deGrom,NYM,1,0,1,6.0,12.0,3.0,1.5,0.286,0.893,0.5710000000000001,0.25,3.0,3.61,2.43,594798
2024,Jason Adam,SDP,0,0,5,5.1,10.13,0.0,1.69,0.231,0.769,0.7140000000000001,0.5,3.38,3.35,1.48,592094
2019,Brusdar Graterol,MIN,0,0,1,1.0,18.0,0.0,0.0,0.0,1.0,0.0,0.0,0.0,-0.79,1.2,660813
2019,Brent Suter,MIL,0,0,1,1.0,0.0,0.0,0.0,0.2,1.0,0.4,0.0,0.0,3.21,7.19,608718
2023,Joe Jiménez,ATL,0,0,1,1.0,9.0,9.0,0.0,0.333,1.0,0.0,0.0,0.0,4.26,7.56,641729
2021,Jake Cousins,MIL,0,0,1,1.0,9.0,9.0,0.0,0.333,1.0,0.3329999999999999,0.0,0.0,4.17,5.93,664776
2023,Huascar Brazobán,MIA,0,0,1,1.0,18.0,9.0,0.0,0.0,1.0,1.0,0.0,0.0,2.26,2.26,623211
2023,Tanner Scott,MIA,0,0,1,1.0,9.0,0.0,0.0,0.0,1.0,0.5,0.0,0.0,1.26,2.91,656945
2023,A.J. Puk,MIA,0,0,1,1.0,9.0,0.0,0.0,0.333,1.0,0.3329999999999999,0.0,0.0,1.26,2.91,640462
2023,George Soriano,MIA,0,0,1,1.0,9.0,0.0,0.0,0.0,1.0,0.0,0.0,0.0,1.26,4.56,666277
2023,Daysbel Hernández,ATL,0,0,1,1.0,0.0,9.0,0.0,0.0,1.0,1.0,0.0,0.0,9.26,9.26,678226
2023,Trevor Megill,MIL,0,0,1,1.0,27.0,0.0,0.0,0.0,1.0,0.0,0.0,0.0,-2.74,-2.74,656730
2018,Shawn Kelley,OAK,0,0,1,1.0,0.0,0.0,0.0,0.25,1.0,0.5,0.0,0.0,3.16,4.81,518875
2018,Jeurys Familia,OAK,0,0,1,1.0,9.0,0.0,0.0,0.0,1.0,0.5,0.0,0.0,1.16,1.16,544727
2017,Justin Wilson,CHC,0,0,1,0.2,0.0,0.0,0.0,0.0,1.0,0.0,0.0,0.0,3.16,5.83,458677
2018,DJ Johnson,COL,0,0,1,0.2,27.0,0.0,0.0,1.0,1.0,0.0,0.0,0.0,-2.84,-2.84,597113
2019,Liam Hendriks,OAK,0,0,1,1.0,9.0,0.0,0.0,0.0,1.0,0.5,0.0,0.0,1.21,3.2,521230
2019,Roberto Osuna,HOU,1,0,9,10.0,8.1,4.5,0.9,0.222,0.755,0.25,0.0559999999999999,3.6,4.21,6.49,532077
2017,Matt Belisle,MIN,0,0,1,1.0,0.0,0.0,0.0,0.0,1.0,0.3329999999999999,0.0,0.0,3.16,6.72,279571
2022,Jake Odorizzi,ATL,0,0,1,3.0,6.0,9.0,0.0,0.143,0.6,0.286,0.0,6.0,5.78,7.75,543606
2024,Cristopher Sánchez,PHI,0,0,1,5.0,9.0,1.8,1.8,0.286,0.87,0.4,0.25,3.6,4.37,2.98,650911
2018,Clayton Kershaw,LAD,2,3,6,30.0,7.8,2.1,1.2,0.259,0.657,0.524,0.1669999999999999,4.2,3.96,3.55,477132
2022,Luis García,SDP,0,0,4,4.2,9.64,1.93,1.93,0.182,1.0,0.25,0.125,1.93,4.4,4.15,408202
2018,Steve Cishek,CHC,0,0,1,0.2,0.0,0.0,0.0,0.0,1.0,1.0,0.0,0.0,3.16,3.16,518553
2024,Héctor Neris,HOU,0,0,1,0.2,27.0,13.5,0.0,0.0,1.0,0.0,0.0,0.0,1.67,1.67,593576
2023,Jordan Hicks,TOR,0,0,1,1.0,18.0,18.0,0.0,0.5,1.0,1.0,0.0,0.0,5.26,5.26,663855
2022,Nick Nelson,PHI,0,0,1,1.0,0.0,18.0,0.0,0.0,1.0,0.3329999999999999,0.0,0.0,9.11,12.07,656793
2018,Tony Sipp,HOU,0,0,3,1.1,13.5,13.5,0.0,0.333,1.0,0.3329999999999999,0.0,0.0,4.66,5.9,448609
2017,Dallas Keuchel,HOU,2,2,5,27.2,10.41,2.6,0.65,0.324,0.695,0.569,0.133,3.58,2.65,2.68,572971
2024,Michael King,SDP,2,0,2,12.0,11.25,0.75,1.5,0.276,0.732,0.355,0.154,3.75,3.08,2.55,543859
2024,Seth Lugo,KCR,0,0,2,9.1,7.71,4.82,0.96,0.222,0.862,0.407,0.077,2.89,4.77,5.49,607625
2018,Jorge De La Rosa,CHC,0,0,1,0.1,27.0,0.0,0.0,0.0,1.0,0.0,0.0,0.0,-2.84,-2.84,501529
2018,Pedro Strop,CHC,0,0,1,1.0,18.0,0.0,0.0,0.5,1.0,1.0,0.0,0.0,-0.84,-0.84,467008
2018,Jesse Chavez,CHC,0,0,1,1.0,0.0,0.0,0.0,0.333,1.0,0.0,0.0,0.0,3.16,6.46,445926
2018,Antonio Senzatela,COL,0,0,1,5.0,1.8,3.6,1.8,0.133,0.833,0.563,0.25,3.6,6.56,5.28,622608
2021,Jose Alvarez,SFG,0,0,1,0.1,0.0,0.0,0.0,0.0,1.0,0.0,0.0,0.0,3.17,8.46,501625
2021,Giovanny Gallegos,STL,0,0,1,1.0,18.0,0.0,0.0,0.5,1.0,0.0,0.0,0.0,-0.83,-0.83,606149
2022,Zach Plesac,CLE,0,0,1,1.0,18.0,0.0,0.0,0.0,1.0,1.0,0.0,0.0,-0.89,-0.89,668676
2018,Scott Oberg,COL,1,0,4,3.2,24.55,0.0,0.0,0.8,0.5,0.2,0.0,4.91,-2.29,-1.84,623184
2021,Matt Barnes,BOS,0,0,1,1.0,9.0,18.0,0.0,0.333,1.0,0.667,0.0,0.0,7.17,7.17,598264
2023,Jake Diekman,TBR,0,0,1,1.0,18.0,9.0,0.0,0.5,1.0,0.5,0.0,0.0,2.26,3.91,518617
2023,Andrew Kittredge,TBR,0,0,1,1.0,9.0,0.0,0.0,0.333,1.0,0.667,0.0,0.0,1.26,2.91,552640
2023,Shawn Armstrong,TBR,0,0,1,1.0,9.0,0.0,0.0,0.333,1.0,0.0,0.0,0.0,1.26,4.56,542888
2022,Domingo Germán,NYY,0,0,1,1.0,9.0,18.0,0.0,0.0,1.0,0.0,0.0,0.0,7.11,10.07,593334
2024,Pierce Johnson,ATL,0,0,1,1.0,0.0,0.0,0.0,0.0,1.0,0.0,0.0,0.0,3.17,7.7,572955
2024,Joe Jiménez,ATL,0,0,1,1.0,9.0,9.0,0.0,0.0,1.0,0.0,0.0,0.0,4.17,5.68,641729
2024,Yuki Matsui,SDP,0,0,1,1.0,9.0,0.0,0.0,0.333,1.0,0.0,0.0,0.0,1.17,4.19,673513
2021,Tyler Rogers,SFG,1,0,4,3.1,2.7,2.7,0.0,0.357,1.0,0.5710000000000001,0.0,0.0,3.47,6.12,643511
2024,Michael Kopech,LAD,1,0,10,9.0,10.0,7.0,1.0,0.19,0.8490000000000001,0.318,0.071,3.0,4.72,5.63,656629
2019,Yusmeiro Petit,OAK,0,0,1,2.2,6.75,0.0,3.37,0.143,1.0,0.375,0.25,3.37,6.59,4.7,433589
2018,Zach Davies,MIL,0,0,1,1.0,9.0,0.0,0.0,0.333,1.0,0.3329999999999999,0.0,0.0,1.16,2.81,605200
2024,Jacob Webb,BAL,0,0,1,0.2,27.0,13.5,0.0,0.0,1.0,0.0,0.0,0.0,6.17,6.17,657097
2019,Brendan McKay,TBR,0,0,3,1.1,13.5,0.0,0.0,0.5,0.0,0.0,0.0,0.0,0.21,4.69,656713
2022,Erik Swanson,SEA,0,0,1,1.0,9.0,0.0,0.0,0.0,1.0,0.0,0.0,0.0,1.11,4.07,657024
2022,Drew Smith,NYM,0,0,1,1.0,9.0,0.0,0.0,0.333,1.0,0.3329999999999999,0.0,0.0,4.11,5.59,622098
2024,Keegan Akin,BAL,0,0,1,0.2,0.0,13.5,0.0,0.0,1.0,0.0,0.0,0.0,7.67,12.2,669211
2023,Michael Grove,LAD,0,0,2,2.0,9.0,9.0,4.5,0.0,1.0,0.6,1.0,4.5,10.76,5.08,675627
2021,Zack Greinke,HOU,0,0,3,6.1,5.68,4.26,1.42,0.286,0.93,0.682,0.25,2.84,5.38,4.44,425844
2021,Blake Taylor,HOU,0,0,4,3.1,13.5,5.4,0.0,0.444,0.833,0.444,0.0,2.7,1.97,4.09,642130
2017,Jake McGee,COL,0,0,1,0.1,0.0,0.0,0.0,0.0,1.0,1.0,0.0,0.0,3.16,3.16,459429
2022,Yimi García,TOR,0,0,2,1.0,9.0,0.0,0.0,0.333,1.0,0.667,0.0,0.0,1.11,2.59,554340
2019,CC Sabathia,NYY,0,0,2,1.0,0.0,0.0,0.0,0.0,1.0,0.5,0.0,0.0,6.21,8.2,282332
2023,Erik Swanson,TOR,0,0,2,1.1,13.5,20.25,0.0,0.0,1.0,1.0,0.0,0.0,7.01,7.01,657024
2023,Bryse Wilson,MIL,0,0,1,0.1,0.0,0.0,0.0,0.0,1.0,1.0,0.0,0.0,3.26,3.26,669060
2021,Jonathan Loáisiga,NYY,0,0,1,1.0,18.0,27.0,0.0,0.0,0.3329999999999999,1.0,0.0,18.0,8.17,8.17,642528
2019,Giovanny Gallegos,STL,0,0,5,4.1,12.46,6.23,0.0,0.3,0.833,0.3,0.0,2.08,2.52,4.36,606149
2024,Andrew Walters,CLE,0,0,4,3.0,12.0,6.0,0.0,0.167,0.667,0.3329999999999999,0.0,3.0,2.5,4.52,689958
2023,José Leclerc,TEX,1,1,13,13.2,9.22,3.95,1.98,0.188,0.926,0.286,0.1669999999999999,3.29,5.38,4.7,600917
2021,Garrett Richards,BOS,0,0,1,0.1,0.0,0.0,0.0,0.0,1.0,1.0,0.0,0.0,3.17,3.17,572070
2024,Tanner Bibee,CLE,0,1,4,15.2,9.19,2.3,1.15,0.395,0.8190000000000001,0.356,0.118,3.45,4.12,4.11,676440
2019,Shane Greene,ATL,0,0,2,2.2,10.12,3.37,0.0,0.444,0.8,0.222,0.0,3.37,2.09,4.33,572888
2023,JT Chargois,MIA,0,0,1,0.2,0.0,13.5,0.0,0.333,1.0,0.3329999999999999,0.0,0.0,7.76,12.72,608638
2021,Eduardo Rodriguez,BOS,1,1,3,12.2,9.95,1.42,0.71,0.273,0.472,0.353,0.067,4.97,2.46,3.52,593958
2024,Jared Koenig,MIL,0,0,1,0.2,0.0,0.0,0.0,0.333,1.0,0.667,0.0,0.0,3.17,3.17,657649
2024,Erik Sabrowski,CLE,0,0,5,5.1,13.5,5.06,1.69,0.273,0.893,0.25,0.1669999999999999,1.69,4.29,3.55,681870
2023,Génesis Cabrera,TOR,0,0,1,0.2,27.0,0.0,0.0,0.0,1.0,0.0,0.0,0.0,-2.74,-2.74,650893
2021,T.J. McFarland,STL,0,1,1,0.2,0.0,13.5,0.0,0.0,0.0,0.0,0.0,13.5,7.67,12.96,519008
2024,Bryan King,HOU,0,0,1,0.2,13.5,0.0,0.0,0.5,1.0,0.0,0.0,0.0,0.17,2.43,687911
2024,Gregory Soto,BAL,0,0,1,0.2,13.5,13.5,0.0,0.0,1.0,1.0,0.0,0.0,4.67,4.67,642397
2024,Danny Coulombe,BAL,0,0,1,0.2,13.5,0.0,0.0,0.5,1.0,0.5,0.0,0.0,0.17,0.17,543056
2017,Ross Stripling,LAD,0,0,5,3.0,6.0,3.0,0.0,0.4,1.0,0.5,0.0,0.0,2.82,4.01,548389
2024,Brady Singer,KCR,0,0,1,0.1,27.0,0.0,0.0,0.0,1.0,0.0,0.0,0.0,-2.83,-2.83,663903
2018,Lance McCullers Jr.,HOU,0,0,5,5.0,7.2,3.6,0.0,0.286,0.667,0.357,0.0,1.8,2.76,4.08,118617
2023,Kyle Bradish,BAL,0,1,1,4.2,17.36,1.93,0.0,0.583,0.75,0.5,0.0,3.86,0.04,0.4,680694
2023,Tim Mayza,TOR,0,0,1,0.1,0.0,0.0,0.0,0.5,1.0,0.5,0.0,0.0,3.26,8.22,641835
2023,Ryan Brasier,LAD,0,0,1,2.1,11.57,0.0,3.86,0.0,1.0,0.25,0.5,3.86,6.26,2.1,518489
2018,Justin Wilson,CHC,0,0,1,0.1,0.0,0.0,0.0,0.0,1.0,1.0,0.0,0.0,3.16,3.16,458677
2022,Brooks Raley,TBR,0,0,1,1.0,18.0,9.0,0.0,0.0,1.0,0.0,0.0,0.0,5.11,6.59,548384
2023,Zac Gallen,ARI,2,3,6,33.2,6.42,3.74,1.6,0.26,0.7709999999999999,0.431,0.176,4.54,5.48,4.84,668678
2024,Caleb Ferguson,HOU,0,0,1,0.1,0.0,0.0,0.0,0.0,1.0,0.0,0.0,0.0,3.17,3.17,657571
2018,Max Fried,ATL,0,0,4,2.1,3.86,3.86,3.86,0.0,1.0,0.3329999999999999,0.3329999999999999,3.86,9.16,5.71,608331
2021,Camilo Doval,SFG,0,1,3,3.2,4.91,0.0,0.0,0.182,0.667,0.273,0.0,2.45,2.9,6.27,666808
2022,Diego Castillo,SEA,0,0,3,1.2,0.0,0.0,0.0,0.333,1.0,0.6,0.0,0.0,6.71,6.71,660636
2018,Adam Cimber,CLE,0,0,2,2.0,0.0,4.5,0.0,0.286,0.667,0.143,0.0,4.5,4.66,6.31,643256
2017,Rick Porcello,BOS,0,0,2,4.0,9.0,6.75,0.0,0.417,0.778,0.25,0.0,4.5,4.16,6.38,519144
2019,Taylor Rogers,MIN,0,0,1,2.0,9.0,0.0,0.0,0.4,0.5,0.6,0.0,4.5,1.21,2.21,573124
2017,Andrew Chafin,ARI,1,0,3,0.2,0.0,0.0,0.0,0.667,0.5,0.0,0.0,13.5,3.16,8.49,605177
2022,Nick Sandlin,CLE,0,0,1,0.2,13.5,13.5,0.0,0.0,1.0,1.0,0.0,0.0,4.61,4.61,680704
2021,Tanner Houck,BOS,1,0,5,10.1,8.71,0.0,2.61,0.167,0.526,0.296,0.214,5.23,5.3,3.92,656557
2022,Miles Mikolas,STL,0,1,1,4.1,6.23,2.08,2.08,0.091,0.769,0.364,0.2,4.15,6.11,4.82,571945
2021,Reynaldo López,CHW,0,0,1,2.0,9.0,4.5,4.5,0.0,1.0,0.4,0.5,4.5,9.17,4.43,625643
2021,Austin Davis,BOS,0,0,1,0.1,0.0,27.0,0.0,0.0,1.0,0.0,0.0,0.0,12.17,17.46,819862
2023,Andrew Saalfrank,ARI,0,0,11,5.2,3.18,12.71,0.0,0.188,0.75,0.75,0.0,3.18,7.31,7.9,685314
2019,Jake Diekman,OAK,0,0,1,0.1,0.0,0.0,0.0,0.0,1.0,0.0,0.0,0.0,3.21,9.18,518617
2019,Daniel Ponce de Leon,STL,0,0,1,2.0,18.0,4.5,0.0,0.5,0.667,0.25,0.0,4.5,0.71,1.71,458524
2021,Joe Kelly,LAD,1,0,7,5.1,8.44,1.69,1.69,0.286,0.652,0.6,0.25,5.06,4.3,3.18,116950
2019,Tyler Webb,STL,0,0,5,3.1,13.5,2.7,0.0,0.444,0.5,0.778,0.0,5.4,2.01,2.61,643778
2021,Adam Ottavino,BOS,0,0,5,4.0,6.75,0.0,2.25,0.182,1.0,0.5,0.25,2.25,4.92,3.43,493603
2017,Kyle Hendricks,CHC,1,1,3,16.0,10.13,2.81,2.25,0.295,0.862,0.457,0.267,3.94,5.28,3.7,543294
2021,Kervin Castro,SFG,0,0,2,1.1,0.0,13.5,0.0,0.0,1.0,0.5,0.0,0.0,7.67,8.99,665645
2017,Francisco Liriano,HOU,0,1,5,2.1,7.71,3.86,3.86,0.167,1.0,0.5710000000000001,1.0,3.86,8.3,3.49,434538
2021,Josh Hader,MIL,0,1,2,2.0,13.5,4.5,4.5,0.25,1.0,0.8,1.0,4.5,8.17,2.55,623352
2024,Adrian Morejon,SDP,0,1,2,2.1,3.86,7.71,0.0,0.286,0.75,0.429,0.0,3.86,4.88,6.82,670970
2018,Jonathan Holder,NYY,0,0,1,2.0,4.5,4.5,0.0,0.286,0.667,0.429,0.0,4.5,3.66,5.31,656547
2024,Tim Mayza,NYY,0,0,3,2.1,3.86,7.71,0.0,0.25,1.0,0.625,0.0,0.0,4.88,6.18,641835
2022,Edwin Díaz,NYM,0,0,2,2.2,6.75,3.38,0.0,0.286,1.0,0.833,0.0,0.0,2.74,2.74,621242
2023,Alex Vesia,LAD,0,0,2,2.0,9.0,0.0,4.5,0.0,1.0,0.2,0.5,4.5,7.76,2.91,681911
2023,Louis Varland,MIN,0,0,2,0.2,13.5,0.0,0.0,0.667,1.0,0.0,0.0,0.0,0.26,2.74,686973
2022,Mychal Givens,NYM,0,0,2,1.1,20.25,6.75,0.0,0.667,0.3329999999999999,0.667,0.0,13.5,0.86,0.86,571710
2022,Kenley Jansen,ATL,0,0,2,2.0,9.0,0.0,4.5,0.0,1.0,0.4,0.3329999999999999,4.5,7.61,3.33,445276
2017,Tyler Olson,CLE,0,0,3,2.0,9.0,0.0,0.0,0.2,1.0,0.6,0.0,0.0,1.16,2.94,621397
2023,Joe Ryan,MIN,0,0,1,2.0,4.5,0.0,4.5,0.167,1.0,0.429,0.25,4.5,8.76,5.56,657746
2017,David Robertson,NYY,2,0,8,13.0,11.08,2.77,1.38,0.31,0.738,0.419,0.222,4.15,3.62,2.85,502085
2017,Collin McHugh,HOU,0,0,2,6.0,10.5,6.0,1.5,0.0,0.556,0.3329999999999999,0.143,4.5,4.99,4.9,543521
2017,Carlos Estévez,COL,0,0,1,0.1,27.0,0.0,0.0,1.0,0.0,0.0,0.0,27.0,-2.84,-2.84,608032
2023,Jack Flaherty,BAL,0,0,1,2.0,4.5,13.5,0.0,0.333,0.8,0.667,0.0,4.5,6.76,7.58,656427
2018,Randy Rosario,CHC,0,0,1,0.1,0.0,27.0,0.0,0.0,1.0,0.0,0.0,0.0,12.16,17.12,600968
2022,Corey Kluber,TBR,0,1,1,1.2,5.4,0.0,5.4,0.0,1.0,0.6,0.5,5.4,9.71,3.69,446372
2017,Archie Bradley,ARI,0,0,3,6.0,7.5,4.5,3.0,0.222,0.968,0.55,0.4,3.0,7.32,4.47,605151
2017,Trevor Bauer,CLE,1,1,2,8.1,11.88,3.24,0.0,0.286,0.556,0.476,0.0,0.0,1.6,2.88,545333
2017,Austin Maddox,BOS,0,0,2,2.0,9.0,9.0,4.5,0.4,1.0,0.1669999999999999,0.25,4.5,10.66,7.72,545348
2023,Brad Hand,ATL,0,0,1,1.0,18.0,9.0,9.0,0.0,1.0,0.0,1.0,9.0,15.26,3.91,543272
2024,Yennier Cano,BAL,0,0,1,1.1,6.75,6.75,0.0,0.5,1.0,1.0,0.0,0.0,3.92,3.92,666974
2024,Luke Jackson,ATL,0,0,1,2.0,9.0,0.0,4.5,0.0,1.0,0.4,0.5,4.5,7.67,2.68,592426
2017,Brandon Morrow,LAD,0,0,14,13.2,7.9,1.32,1.98,0.222,0.795,0.41,0.176,3.95,4.69,4.05,453344
2021,Brooks Raley,HOU,0,0,8,6.2,5.4,4.05,0.0,0.304,0.5,0.304,0.0,6.75,3.32,6.23,548384
2017,Brad Peacock,HOU,0,0,7,12.1,11.68,2.92,1.46,0.344,0.7240000000000001,0.273,0.111,5.11,3.89,4.38,502748
2023,Chris Devenski,TBR,0,0,1,2.0,0.0,0.0,0.0,0.143,1.0,0.5710000000000001,0.0,0.0,3.26,4.91,606965
2017,Carson Smith,BOS,0,0,2,1.1,6.75,13.5,0.0,0.5,1.0,0.75,0.0,0.0,6.16,6.16,605476
2021,Drew Smyly,ATL,1,0,3,7.1,9.82,2.45,1.23,0.364,0.66,0.435,0.111,6.14,3.99,4.38,592767
2023,A.J. Minter,ATL,1,0,3,2.1,3.86,7.71,0.0,0.333,0.8,0.222,0.0,0.0,4.97,9.22,621345
2022,David Peterson,NYM,0,0,2,2.0,9.0,0.0,0.0,0.333,0.5,0.4,0.0,4.5,1.11,2.59,656849
2021,Hunter Strickland,MIL,0,0,3,2.1,7.71,0.0,0.0,0.375,1.0,0.375,0.0,0.0,1.46,4.48,519326
2017,Oliver Pérez,WSN,1,0,2,1.0,0.0,0.0,0.0,0.5,1.0,0.5,0.0,0.0,3.16,4.94,424144
2019,Joe Ross,WSN,0,1,2,7.0,1.29,2.57,2.57,0.182,0.769,0.583,0.3329999999999999,5.14,7.5,5.49,605452
2019,Rich Hill,LAD,0,0,1,2.2,6.75,13.5,0.0,0.286,0.833,0.286,0.0,3.37,6.21,9.2,448179
2021,Jake McGee,SFG,0,0,3,2.2,3.38,0.0,3.38,0.125,0.0,0.3329999999999999,0.25,6.75,7.3,5.07,459429
2019,Héctor Rondón,HOU,0,0,4,1.1,6.75,6.75,0.0,0.5,0.75,0.1669999999999999,0.0,6.75,3.96,5.46,444468
2019,Julio Teheran,ATL,0,1,2,1.2,10.8,5.4,0.0,0.25,0.5,0.25,0.0,5.4,2.61,5.0,527054
2022,Andrés Muñoz,SEA,1,0,5,5.2,14.29,4.76,1.59,0.385,0.789,0.429,0.3329999999999999,4.76,3.82,2.31,662253
2019,Dallas Keuchel,ATL,0,0,2,8.0,4.5,4.5,3.38,0.25,1.0,0.615,0.429,4.5,8.59,5.45,572971
2017,Alan Busenitz,MIN,0,0,1,0.1,0.0,27.0,0.0,0.0,1.0,0.0,0.0,0.0,12.16,17.49,641427
2018,Joakim Soria,MIL,1,0,7,4.2,15.43,5.79,0.0,0.455,0.5,0.182,0.0,7.71,1.66,3.43,465657
2024,Cionel Pérez,BAL,0,1,1,0.1,27.0,0.0,0.0,1.0,0.5,0.5,0.0,27.0,-2.83,1.7,672335
2024,Eli Morgan,CLE,0,0,6,4.0,13.5,4.5,0.0,0.222,0.5,0.222,0.0,2.25,1.67,3.56,669212
2021,Hirokazu Sawamura,BOS,0,0,3,2.0,9.0,9.0,0.0,0.333,0.8,0.1669999999999999,0.0,4.5,5.67,6.55,617228
2024,Michael Wacha,KCR,0,1,2,8.2,5.19,4.15,1.04,0.321,0.7140000000000001,0.345,0.111,5.19,4.9,4.97,608379
2024,José Alvarado,PHI,0,0,1,0.2,13.5,27.0,0.0,0.5,0.3329999999999999,0.0,0.0,27.0,9.17,11.43,621237
2022,Penn Murfee,SEA,0,1,2,2.2,3.38,0.0,3.38,0.3,1.0,0.182,0.1669999999999999,3.38,7.24,5.69,682171
2023,Cristian Javier,HOU,2,1,3,11.0,9.82,5.73,1.64,0.222,0.833,0.214,0.105,4.09,5.62,6.11,664299
2017,Chad Green,NYY,1,0,5,8.2,11.42,3.12,1.04,0.25,0.581,0.286,0.083,4.15,3.5,4.47,643338
2022,Luis Severino,NYY,0,1,2,11.0,9.82,0.82,0.82,0.364,0.662,0.324,0.063,4.91,2.66,3.63,622663
2018,Zack Britton,NYY,0,0,4,5.0,7.2,3.6,3.6,0.214,0.952,0.75,1.0,5.4,7.96,3.42,502154
2017,Sonny Gray,NYY,0,1,2,8.1,6.48,6.48,1.08,0.136,0.66,0.545,0.143,4.32,6.16,6.09,543243
2019,Josh James,HOU,2,0,9,6.2,18.9,9.45,2.7,0.5,0.738,0.357,0.4,5.4,6.06,3.66,657624
2018,Scott Alexander,LAD,0,0,4,2.1,7.71,7.71,0.0,0.167,0.3329999999999999,0.5,0.0,7.71,4.02,4.02,518397
2022,Yency Almonte,LAD,0,1,3,2.1,23.14,0.0,0.0,0.667,0.0,0.3329999999999999,0.0,7.71,-2.03,-1.4,622075
2022,Lou Trivino,NYY,0,0,4,3.2,9.82,2.45,0.0,0.222,1.0,0.5,0.0,0.0,1.75,2.15,642152
2024,Ian Hamilton,NYY,0,0,2,1.2,16.2,5.4,0.0,0.5,0.5,0.5,0.0,5.4,1.37,1.37,641656
2023,Cristopher Sánchez,PHI,0,0,1,2.1,3.86,3.86,0.0,0.222,0.3329999999999999,0.778,0.0,3.86,3.68,5.1,650911
2024,Michael Lorenzen,KCR,0,1,2,2.1,11.57,3.86,0.0,0.375,0.75,0.375,0.0,3.86,1.88,2.53,547179
2023,Yennier Cano,BAL,0,0,2,1.1,0.0,6.75,0.0,0.333,0.667,0.667,0.0,6.75,5.51,7.99,666974
2022,Nestor Cortes,NYY,1,0,3,12.0,5.25,5.25,1.5,0.243,0.789,0.243,0.087,4.5,5.86,6.53,641482
2024,Brusdar Graterol,LAD,0,0,3,2.1,3.86,15.43,0.0,0.25,0.833,0.75,0.0,3.86,7.45,8.75,660813
2022,Matthew Boyd,SEA,0,0,1,0.1,0.0,27.0,0.0,0.5,1.0,0.0,0.0,0.0,12.11,16.55,571510
2023,Braxton Garrett,MIA,0,1,1,3.0,15.0,3.0,0.0,0.429,0.5,0.429,0.0,6.0,0.92,2.58,666129
2018,Adam Ottavino,COL,0,1,3,3.2,7.36,7.36,0.0,0.25,0.667,0.545,0.0,4.91,3.98,4.88,493603
2021,Lucas Giolito,CHW,0,0,1,4.1,8.31,10.38,0.0,0.25,0.5,0.25,0.0,8.31,4.79,8.04,608337
2022,Brusdar Graterol,LAD,0,1,2,1.1,0.0,0.0,0.0,0.286,0.5,0.5,0.0,0.0,3.11,6.44,660813
2024,Joel Payamps,MIL,0,1,2,1.2,5.4,16.2,0.0,0.429,0.5,0.429,0.0,16.2,7.37,10.09,606303
2021,Chad Green,NYY,0,0,1,1.2,10.8,5.4,0.0,0.333,1.0,0.3329999999999999,0.0,0.0,2.57,3.63,643338
2023,Andrew Heaney,TEX,1,0,5,11.0,3.27,3.27,0.0,0.282,0.667,0.579,0.0,4.09,3.62,5.12,571760
2018,Will Harris,HOU,0,0,1,1.0,0.0,9.0,0.0,0.333,0.5,1.0,0.0,9.0,6.16,6.16,501789
2017,Fernando Rodney,ARI,0,0,1,1.0,18.0,0.0,0.0,0.667,0.5,0.667,0.0,9.0,-0.84,-0.84,407845
2019,Ross Stripling,LAD,0,0,1,1.0,0.0,0.0,0.0,0.25,0.0,0.5,0.0,9.0,3.21,7.19,548389
2018,Xavier Cedeño,MIL,0,0,4,1.0,9.0,9.0,0.0,0.6,0.5,0.8,0.0,18.0,4.16,4.16,458584
2019,Oliver Drake,TBR,0,0,2,3.0,12.0,3.0,0.0,0.375,0.5,0.375,0.0,6.0,1.55,3.54,543118
2023,Kirby Yates,ATL,0,0,1,1.0,18.0,9.0,0.0,0.5,0.5,0.0,0.0,0.0,2.26,2.26,489446
2023,Steven Okert,MIA,0,0,1,1.0,9.0,0.0,0.0,0.5,0.5,0.0,0.0,9.0,1.26,4.56,595345
2017,Jorge De La Rosa,ARI,0,0,3,2.1,7.71,0.0,0.0,0.5,1.0,0.286,0.0,0.0,1.44,3.73,501529
2023,Brock Stewart,MIN,0,0,3,3.0,12.0,3.0,3.0,0.0,0.0,0.3329999999999999,0.3329999999999999,6.0,5.92,3.24,592779
2024,Tanner Banks,PHI,0,0,1,1.0,18.0,0.0,0.0,0.667,0.5,0.0,0.0,9.0,-0.83,0.68,621383
2022,Aaron Nola,PHI,2,2,5,25.2,9.47,1.75,1.4,0.333,0.68,0.494,0.222,4.91,3.74,2.75,605400
2024,Freddy Peralta,MIL,0,0,2,5.0,9.0,1.8,0.0,0.167,0.0,0.5,0.0,5.4,1.77,3.28,642547
2024,Sean Manaea,NYM,2,1,4,19.0,9.0,3.79,1.42,0.275,0.7020000000000001,0.481,0.143,4.74,4.8,4.42,640455
2021,Collin McHugh,TBR,0,1,2,3.2,4.91,2.45,4.91,0.1,0.833,0.25,0.3329999999999999,7.36,9.99,5.78,543521
2018,Seunghwan Oh,COL,0,0,3,3.0,6.0,12.0,0.0,0.333,0.7140000000000001,0.75,0.0,6.0,5.83,6.38,493200
2023,Abner Uribe,MIL,0,0,2,1.1,6.75,13.5,0.0,0.4,0.75,0.8,0.0,6.75,6.26,7.5,682842
2018,Dan Otero,CLE,0,0,1,1.0,0.0,0.0,0.0,0.5,0.5,0.75,0.0,9.0,3.16,3.16,519096
2022,Blake Treinen,LAD,0,0,1,1.0,9.0,18.0,9.0,0.0,1.0,0.5,0.5,9.0,20.11,10.07,595014
2022,Frankie Montas,NYY,0,0,1,1.0,9.0,0.0,9.0,0.0,1.0,0.0,0.5,9.0,14.11,4.07,593423
2017,Robbie Ray,ARI,0,1,2,6.2,12.15,5.4,0.0,0.375,0.545,0.5,0.0,6.75,2.71,3.77,592662
2023,David Robertson,MIA,0,0,1,2.0,18.0,0.0,4.5,0.333,0.0,0.25,0.5,9.0,5.76,0.91,502085
2017,Trevor Hildenberger,MIN,0,0,1,1.1,0.0,13.5,0.0,0.2,0.667,0.6,0.0,6.75,7.66,10.33,657610
2021,Chris Martin,ATL,0,0,5,4.1,6.23,0.0,2.08,0.231,1.0,0.5710000000000001,0.25,2.08,4.79,3.41,455119
2021,Luis Patiño,TBR,0,1,2,2.1,7.71,3.86,3.86,0.167,0.625,0.429,0.25,7.71,8.31,5.77,672715
2021,Luis Severino,NYY,0,0,1,1.1,6.75,6.75,0.0,0.25,0.5,0.5,0.0,6.75,3.92,6.57,622663
2017,Carl Edwards Jr.,CHC,1,1,7,4.2,15.43,11.57,1.93,0.143,0.303,0.375,0.25,11.57,6.37,5.11,605218
2023,Tyler Glasnow,TBR,0,1,1,5.0,14.4,9.0,0.0,0.4,0.636,0.4,0.0,5.4,3.06,5.04,607192
2021,Aaron Bummer,CHW,0,1,3,3.1,18.9,2.7,0.0,0.625,0.5,0.75,0.0,8.1,-0.13,0.4,607481
2018,Harrison Musgrave,COL,0,0,2,0.2,27.0,40.5,0.0,1.0,0.75,0.0,0.0,13.5,10.66,10.66,643466
2022,Clayton Kershaw,LAD,0,0,1,5.0,10.8,0.0,1.8,0.357,0.652,0.6,0.25,5.4,3.31,1.9,477132
2022,Julio Urías,LAD,1,0,1,5.0,10.8,0.0,1.8,0.25,0.385,0.308,0.1669999999999999,5.4,3.31,2.49,628711
2022,Logan Gilbert,SEA,0,0,1,5.1,8.44,3.38,1.69,0.267,0.7140000000000001,0.188,0.111,5.06,4.8,4.86,669302
2019,Chad Green,NYY,1,0,6,6.2,8.1,1.35,2.7,0.222,0.476,0.1,0.222,6.75,5.76,4.55,643338
2022,Dylan Lee,ATL,0,0,3,2.2,6.75,0.0,3.38,0.333,1.0,0.2,0.1669999999999999,3.38,6.49,4.94,669276
2017,Max Scherzer,WSN,0,1,2,7.1,9.82,4.91,0.0,0.211,0.5,0.5,0.0,3.68,3.43,5.61,453286
2018,Héctor Rondón,HOU,0,0,2,1.0,0.0,0.0,0.0,0.5,1.0,0.5,0.0,0.0,3.16,3.16,444468
2022,Alex Vesia,LAD,0,0,3,2.2,13.5,10.13,0.0,0.333,1.0,0.1669999999999999,0.0,0.0,3.49,5.15,681911
2018,Josh James,HOU,0,1,2,4.2,13.5,3.86,1.93,0.455,0.606,0.667,0.25,7.71,4.23,2.86,657624
2021,Josh Fleming,TBR,0,0,2,1.0,9.0,0.0,0.0,0.6,1.0,0.8,0.0,0.0,1.17,1.17,676596
2023,Paul Sewald,ARI,1,0,10,10.0,14.4,2.7,1.8,0.333,0.738,0.217,0.154,5.4,4.46,4.0,623149
2018,Kyle Hendricks,CHC,0,1,1,1.1,0.0,0.0,0.0,0.429,0.667,0.429,0.0,6.75,3.16,5.64,543294
2017,Zack Godley,ARI,0,0,1,5.0,9.0,3.6,0.0,0.267,0.5,0.429,0.0,3.6,2.36,4.14,643327
2019,Zack Littell,MIN,0,1,2,0.1,0.0,27.0,0.0,0.0,0.0,0.0,0.0,54.0,21.21,27.18,641793
2018,Joe Smith,HOU,0,1,1,0.1,0.0,0.0,27.0,0.0,1.0,0.0,0.5,27.0,42.16,13.07,122457
2018,Chad Green,NYY,0,0,2,3.2,0.0,7.36,0.0,0.267,0.857,0.357,0.0,2.45,5.61,8.32,643338
2019,José Berríos,MIN,0,0,1,4.0,13.5,6.75,0.0,0.4,0.5710000000000001,0.3,0.0,2.25,2.46,4.45,621244
2019,Sergio Romo,MIN,0,0,2,2.0,4.5,9.0,4.5,0.167,0.769,0.143,0.2,9.0,11.71,10.19,489265
2023,Emmet Sheehan,LAD,0,0,1,3.2,9.82,4.91,2.45,0.3,0.7140000000000001,0.364,0.2,7.36,7.07,5.78,686218
2023,Bryan Abreu,HOU,0,0,9,8.1,15.12,2.16,1.08,0.313,0.698,0.412,0.143,4.32,2.9,2.72,650556
2023,Max Fried,ATL,0,0,1,4.0,6.75,9.0,2.25,0.357,0.8140000000000001,0.4,0.2,6.75,8.01,6.82,608331
2023,Yusei Kikuchi,TOR,0,0,1,1.2,0.0,5.4,0.0,0.429,0.75,0.833,0.0,5.4,5.06,6.05,579328
2024,Orion Kerkering,PHI,0,0,4,3.2,12.27,4.91,2.45,0.333,1.0,0.4,0.25,2.45,5.62,3.73,689147
2024,Alex Cobb,CLE,0,2,2,5.2,7.94,6.35,1.59,0.368,0.66,0.35,0.143,7.94,5.81,5.39,502171
2023,Héctor Neris,HOU,0,0,7,8.1,8.64,5.4,3.24,0.15,0.769,0.304,0.214,6.48,8.18,6.27,593576
2023,Jesús Luzardo,MIA,0,1,1,4.0,11.25,0.0,0.0,0.571,0.625,0.214,0.0,6.75,0.76,2.41,666200
2022,Zach Pop,TOR,0,0,1,0.1,27.0,0.0,0.0,1.0,1.0,0.5,0.0,0.0,-2.89,-2.89,647315
2024,Michael Grove,LAD,0,0,1,0.1,27.0,0.0,27.0,0.0,1.0,0.0,1.0,27.0,36.17,1.7,675627
2023,Caleb Thielbar,MIN,0,1,4,3.0,6.0,3.0,6.0,0.286,0.909,0.3329999999999999,0.4,9.0,11.59,5.68,573204
2018,Gio González,MIL,0,0,2,3.0,3.0,6.0,3.0,0.2,0.87,0.455,0.2,6.0,9.83,8.25,461829
2021,Aaron Ashby,MIL,0,0,2,2.2,10.13,6.75,0.0,0.5,0.75,0.8,0.0,6.75,4.3,4.96,676879
2024,Ryan Pressly,HOU,0,1,1,0.2,27.0,13.5,0.0,1.0,0.0,0.5,0.0,40.5,1.67,1.67,519151
2024,Alek Jacob,SDP,0,0,2,2.0,9.0,4.5,4.5,0.0,0.0,0.2,0.3329999999999999,4.5,10.67,6.43,689690
2024,Ryne Stanek,NYM,1,0,7,8.0,9.0,3.38,1.13,0.19,0.758,0.238,0.091,3.38,3.92,4.37,592773
2017,Eduardo Rodriguez,BOS,0,0,1,0.0,0.0,0.0,0.0,1.0,0.0,1.0,0.0,18.0,6.16,6.16,593958
2022,Pete Fairbanks,TBR,0,0,1,0.0,0.0,18.0,0.0,0.0,1.0,0.0,0.0,0.0,9.11,9.11,664126
2021,Zack Littell,SFG,0,0,2,2.2,16.88,0.0,3.38,0.625,0.652,0.556,0.3329999999999999,10.13,4.3,1.4,641793
2023,Kenta Maeda,MIN,0,0,2,4.0,9.0,6.75,0.0,0.462,0.667,0.385,0.0,6.75,3.51,3.92,628317
2023,Kevin Gausman,TOR,0,1,1,4.0,11.25,6.75,4.5,0.125,0.938,0.2,0.3329999999999999,6.75,9.51,5.49,592332
2023,Freddy Peralta,MIL,0,1,1,5.0,9.0,3.6,1.8,0.167,0.278,0.308,0.111,7.2,5.06,5.43,642547
2023,Craig Kimbrel,PHI,0,2,7,6.0,7.5,7.5,1.5,0.294,0.755,0.389,0.111,6.0,6.76,7.07,518886
2018,Aníbal Sánchez,ATL,0,1,1,4.2,5.79,1.93,3.86,0.214,0.938,0.375,0.286,5.79,8.09,4.99,434671
2024,Jeremiah Estrada,SDP,0,0,4,4.1,10.38,2.08,0.0,0.385,0.833,0.615,0.0,0.0,1.55,1.9,669093
2022,Tommy Kahnle,LAD,0,0,3,2.0,18.0,4.5,0.0,0.5,0.0,0.25,0.0,13.5,0.61,2.83,592454
2019,Wander Suero,WSN,0,0,4,2.0,9.0,0.0,4.5,0.2,1.0,0.1669999999999999,0.3329999999999999,4.5,7.71,4.2,593833
2021,Carlos Rodón,CHW,0,1,1,2.2,10.13,6.75,0.0,0.375,0.667,0.125,0.0,6.75,4.3,6.94,607074
2023,Bryan Baker,BAL,0,0,1,0.1,0.0,81.0,0.0,0.0,0.0,0.0,0.0,81.0,30.26,35.22,641329
2023,Kyle Nelson,ARI,0,0,5,5.0,1.8,3.6,3.6,0.235,0.769,0.632,0.3329999999999999,3.6,9.26,6.04,669459
2022,Adam Ottavino,NYM,0,0,1,1.0,18.0,27.0,0.0,0.0,0.75,0.0,0.0,9.0,11.11,12.59,493603
2024,Framber Valdez,HOU,0,1,1,4.1,6.23,4.15,0.0,0.438,0.667,0.5,0.0,6.23,3.17,3.52,664285
2024,Luis Severino,NYM,1,1,3,16.2,7.02,3.24,1.08,0.294,0.708,0.415,0.091,3.24,4.43,4.86,622663
2019,Jonathan Loáisiga,NYY,0,0,4,2.2,10.13,10.13,0.0,0.333,0.667,0.444,0.0,3.38,4.34,7.32,642528
2024,Danny Young,NYM,0,0,2,3.2,7.36,7.36,0.0,0.333,0.5710000000000001,0.5,0.0,7.36,3.98,4.81,277415
2021,Hansel Robles,BOS,0,1,6,5.1,8.44,1.69,3.38,0.357,0.769,0.375,0.25,5.06,6.73,4.5,570663
2021,Dylan Lee,ATL,0,0,3,3.0,12.0,6.0,3.0,0.333,0.87,0.3,0.2,6.0,6.84,5.44,669276
2022,Tony Gonsolin,LAD,0,1,1,1.1,6.75,6.75,0.0,0.571,0.8,0.143,0.0,6.75,3.86,8.3,664062
2024,Wandy Peralta,SDP,0,0,1,1.1,20.25,0.0,6.75,0.5,1.0,0.667,1.0,6.75,8.42,-0.2,593974
2017,Pat Neshek,COL,0,0,1,1.1,13.5,6.75,0.0,0.5,0.3329999999999999,0.25,0.0,13.5,2.41,5.08,450212
2022,Alek Manoah,TOR,0,1,1,5.2,6.35,1.59,1.59,0.188,0.536,0.471,0.2,6.35,5.58,4.6,666201
2022,Chris Bassitt,NYM,0,1,1,4.0,4.5,6.75,0.0,0.231,0.5,0.462,0.0,6.75,4.36,5.84,605135
2023,Gregory Soto,PHI,0,0,5,3.0,9.0,6.0,0.0,0.455,0.7140000000000001,0.667,0.0,6.0,3.26,3.81,642397
2019,Mike Foltynewicz,ATL,1,1,2,7.1,8.59,3.68,0.0,0.273,0.222,0.524,0.0,7.36,2.53,4.43,592314
2024,Frankie Montas,MIL,0,0,1,3.2,7.36,2.45,0.0,0.429,0.5710000000000001,0.5710000000000001,0.0,2.45,2.35,4.0,593423
2021,Matt Wisler,TBR,0,0,2,2.1,3.86,0.0,3.86,0.143,0.0,0.125,0.25,7.71,7.88,5.34,605538
2017,Craig Kimbrel,BOS,0,0,2,2.0,9.0,4.5,0.0,0.5,0.833,0.125,0.0,4.5,4.16,8.6,518886
2017,Addison Reed,BOS,0,0,3,2.1,0.0,3.86,0.0,0.3,0.5,0.4,0.0,7.71,4.44,7.49,592665
2017,Sammy Solís,WSN,0,0,3,1.0,9.0,0.0,0.0,0.667,0.75,0.2,0.0,9.0,1.16,1.16,519301
2023,AJ Smith-Shawver,ATL,0,0,1,2.2,10.13,3.38,10.13,0.0,1.0,0.125,0.5,10.13,16.76,5.85,700363
2019,Chris Devenski,HOU,0,0,3,3.0,9.0,3.0,3.0,0.25,0.556,0.222,0.2,9.0,7.55,6.53,606965
2023,José Urquidy,HOU,1,0,3,10.0,7.2,1.8,4.5,0.192,1.0,0.161,0.2269999999999999,5.4,8.76,5.89,664353
2018,CC Sabathia,NYY,0,1,1,3.0,3.0,6.0,0.0,0.385,0.625,0.385,0.0,9.0,5.49,7.7,282332
2019,Cody Stashak,MIN,0,0,2,1.2,0.0,5.4,10.8,0.167,1.0,0.125,0.286,10.8,20.61,13.37,664054
2017,Héctor Rondón,CHC,0,1,3,3.0,12.0,0.0,6.0,0.5,1.0,0.25,1.0,6.0,9.16,1.68,444468
2022,Steven Wilson,SDP,0,0,4,3.2,9.82,7.36,2.45,0.111,0.87,0.3329999999999999,0.1669999999999999,4.91,7.75,6.63,621051
2017,Dellin Betances,NYY,0,1,5,4.0,13.5,11.25,0.0,0.25,0.7140000000000001,0.75,0.0,4.5,3.91,4.35,476454
2017,Tyler Anderson,COL,0,0,1,1.0,9.0,0.0,9.0,0.333,0.0,0.5,0.5,18.0,14.16,4.72,542881
2021,Huascar Ynoa,ATL,0,0,1,1.0,18.0,9.0,9.0,0.5,0.625,0.3329999999999999,0.5,18.0,15.17,5.7,660623
2021,Liam Hendriks,CHW,0,0,3,3.0,18.0,3.0,3.0,0.4,0.385,0.3329999999999999,0.25,9.0,4.5,2.52,521230
2024,Ryan Brasier,LAD,1,1,8,9.0,7.0,3.0,4.0,0.182,1.0,0.2689999999999999,0.3329999999999999,5.0,8.39,4.63,518489
2017,José Berríos,MIN,0,1,1,3.0,12.0,0.0,3.0,0.444,0.556,0.2,0.2,9.0,4.82,3.46,621244
2018,Liam Hendriks,OAK,0,1,1,1.0,9.0,9.0,9.0,0.0,0.0,0.0,0.5,18.0,17.16,7.46,521230
2018,Austin Romine,NYY,0,0,1,1.0,0.0,9.0,9.0,0.0,0.0,0.5,0.5,18.0,19.16,9.46,519222
2021,Jarlín García,SFG,0,0,2,1.1,6.75,6.75,6.75,0.2,0.625,0.5,0.5,6.75,13.67,6.57,606424
2023,Sonny Gray,MIN,1,1,2,9.0,12.0,3.0,2.0,0.423,0.833,0.385,0.182,4.0,4.48,3.61,543243
2018,Craig Kimbrel,BOS,0,0,9,10.2,8.44,6.75,1.69,0.25,0.741,0.3329999999999999,0.125,5.91,6.54,6.58,518886
2023,Chris Stratton,TEX,0,0,4,4.0,6.75,4.5,2.25,0.25,0.435,0.25,0.2,9.0,6.51,5.32,608717
2023,Brock Burke,TEX,0,0,2,0.2,0.0,13.5,0.0,0.667,0.0,0.1669999999999999,0.0,67.5,7.76,10.24,656271
2024,Luis Gil,NYY,0,0,2,8.0,4.5,5.63,2.25,0.24,0.6859999999999999,0.231,0.125,6.75,7.29,7.07,661563
2021,Darwinzon Hernández,BOS,0,0,2,1.1,20.25,6.75,13.5,0.0,1.0,0.3329999999999999,1.0,13.5,20.42,3.57,650382
2022,Brad Hand,PHI,2,0,7,5.2,6.35,1.59,1.59,0.278,0.758,0.421,0.111,4.76,5.05,5.11,543272
2021,Anthony DeSclafani,SFG,0,1,1,1.2,10.8,0.0,0.0,0.625,0.6,0.375,0.0,10.8,0.77,3.95,543101
2024,Aaron Nola,PHI,0,1,1,5.0,14.4,3.6,3.6,0.3,0.7140000000000001,0.083,0.286,7.2,6.37,3.28,605400
2017,Jose Quintana,CHC,0,1,4,13.1,8.1,3.37,0.67,0.256,0.479,0.525,0.071,5.4,3.46,4.35,500779
2023,Colin Poche,TBR,0,0,1,1.0,18.0,0.0,0.0,0.75,0.3329999999999999,0.0,0.0,18.0,-0.74,0.91,621363
2017,Brandon McCarthy,LAD,0,1,1,1.0,0.0,0.0,9.0,0.25,0.0,0.4,0.5,18.0,16.16,6.72,435221
2023,Orion Kerkering,PHI,0,0,7,5.1,8.44,5.06,0.0,0.389,0.8,0.3329999999999999,0.0,3.38,3.07,5.24,689147
2022,Ryan Helsley,STL,0,1,1,1.0,18.0,18.0,0.0,0.5,0.0,0.0,0.0,36.0,8.11,9.59,664854
2023,Ryne Stanek,HOU,1,0,4,4.0,2.25,0.0,2.25,0.231,0.556,0.429,0.1669999999999999,6.75,6.76,5.99,592773
2018,Eduardo Rodriguez,BOS,0,0,7,10.0,9.9,4.5,1.8,0.174,0.5429999999999999,0.542,0.222,6.3,5.36,4.25,593958
2024,Joey Cantillo,CLE,0,0,3,2.1,11.57,15.43,0.0,0.0,0.75,0.3329999999999999,0.0,3.86,5.74,7.03,676282
2024,Josh Hader,HOU,0,0,2,2.1,0.0,7.71,0.0,0.4,0.833,0.222,0.0,3.86,5.74,8.33,623352
2024,Jake Cousins,NYY,0,1,6,5.0,12.6,7.2,0.0,0.429,0.545,0.429,0.0,9.0,3.37,4.58,664776
2024,Edgardo Henriquez,LAD,0,0,3,5.0,5.4,5.4,3.6,0.333,0.8540000000000001,0.3,0.2,7.2,8.97,6.79,683618
2021,Jake Odorizzi,HOU,0,0,2,6.1,14.21,0.0,2.84,0.375,0.769,0.389,0.25,5.68,4.12,2.24,543606
2019,Clayton Kershaw,LAD,0,1,2,6.1,7.11,1.42,2.84,0.3,0.732,0.368,0.2,7.11,7.16,6.2,477132
2018,Lance Lynn,NYY,0,0,2,2.1,7.71,7.71,0.0,0.375,0.4,0.75,0.0,11.57,4.02,4.02,458681
2019,Randy Dobnak,MIN,0,1,1,2.0,0.0,9.0,0.0,0.545,0.5,0.545,0.0,18.0,6.21,7.21,677976
2024,José Ruiz,PHI,0,0,2,1.1,0.0,0.0,6.75,0.5,1.0,0.286,1.0,6.75,12.92,4.3,614179
2021,Garrett Crochet,CHW,0,0,3,2.1,15.43,3.86,0.0,0.714,1.0,0.7140000000000001,0.0,0.0,1.03,1.78,676979
2023,Devin Williams,MIL,0,0,1,0.2,13.5,40.5,0.0,1.0,0.5,0.0,0.0,27.0,13.76,16.24,642207
2021,Julio Urías,LAD,1,1,4,15.0,9.0,1.8,2.4,0.302,0.764,0.213,0.143,5.4,5.24,5.06,628711
2024,Gavin Williams,CLE,0,0,1,2.1,15.43,0.0,7.71,0.25,0.0,0.5,0.667,11.57,10.88,1.68,668909
2024,Nestor Cortes,NYY,0,0,2,2.0,4.5,4.5,4.5,0.0,0.0,0.3329999999999999,0.3329999999999999,9.0,10.17,5.93,641482
2022,Blake Snell,SDP,2,0,3,13.2,11.2,5.93,0.66,0.361,0.741,0.243,0.059,4.61,3.55,4.44,605483
2021,Shane Baz,TBR,0,0,1,2.1,7.71,3.86,3.86,0.556,0.7140000000000001,0.5,0.5,11.57,8.31,4.25,669358
2018,Corey Kluber,CLE,0,1,1,4.2,3.86,3.86,5.79,0.214,1.0,0.412,0.375,7.71,13.23,7.71,446372
2021,Alex Reyes,STL,0,0,1,0.0,0.0,0.0,9.0,0.0,1.0,0.0,1.0,9.0,16.17,4.93,621052
2021,Drew Rasmussen,TBR,0,0,1,2.0,4.5,0.0,4.5,0.556,0.652,0.3,0.25,13.5,8.67,5.7,656876
2024,Jason Foley,DET,0,0,1,0.1,0.0,0.0,0.0,0.75,0.667,0.667,0.0,27.0,3.17,7.7,671345
2024,Clarke Schmidt,NYY,0,1,3,12.0,6.75,5.25,1.5,0.257,0.741,0.4589999999999999,0.143,5.25,5.83,5.43,657376
2022,Jameson Taillon,NYY,0,1,2,4.1,0.0,6.23,0.0,0.35,0.7,0.3,0.0,6.23,5.19,9.29,592791
2018,Fernando Rodney,OAK,0,0,1,0.0,0.0,0.0,0.0,1.0,0.0,0.5,0.0,18.0,3.16,3.16,407845
2024,Carlos Rodón,NYY,1,2,4,17.2,12.74,0.51,2.55,0.364,0.733,0.204,0.217,5.6,4.19,2.47,607074
2024,Ty Madden,DET,0,0,1,0.2,13.5,40.5,0.0,0.5,0.5,0.0,0.0,27.0,13.67,15.93,680744
2017,Gio González,WSN,0,0,2,8.0,12.38,6.75,2.25,0.25,0.652,0.353,0.3329999999999999,6.75,5.91,3.99,461829
2021,Tucker Davidson,ATL,0,0,1,2.0,4.5,13.5,0.0,0.286,0.2,0.286,0.0,9.0,6.67,10.2,656353
2022,Anthony Bass,TOR,0,0,1,0.0,0.0,0.0,0.0,1.0,0.0,0.0,0.0,27.0,3.11,4.59,542914
2018,Alex Wood,LAD,1,1,9,6.2,12.15,5.4,4.05,0.333,1.0,0.471,0.5,5.4,8.56,4.2,622072
2018,Ryan Madson,LAD,2,0,11,8.2,8.31,3.12,1.04,0.308,0.943,0.37,0.1,2.08,3.85,4.26,425492
2023,Michael Tonkin,ATL,0,0,1,0.2,13.5,0.0,0.0,0.667,1.0,0.3329999999999999,0.0,0.0,0.26,5.22,543859
2019,Bryan Abreu,HOU,0,0,1,0.2,0.0,27.0,13.5,0.333,0.769,0.25,0.5,27.0,31.71,18.18,650556
2022,Charlie Morton,ATL,0,1,1,2.0,13.5,4.5,4.5,0.5,0.556,0.286,0.3329999999999999,13.5,8.11,3.83,119424
2018,Andrew Miller,CLE,0,0,2,0.1,0.0,81.0,0.0,0.5,1.0,0.0,0.0,0.0,30.16,35.12,453192
2018,Blake Treinen,OAK,0,0,1,2.0,0.0,9.0,4.5,0.143,0.385,0.375,0.25,13.5,12.66,9.46,595014
2018,Kenta Maeda,LAD,0,0,8,6.2,13.5,4.05,0.0,0.474,0.75,0.3329999999999999,0.0,4.05,1.51,3.24,628317
2017,Chris Sale,BOS,0,2,2,9.2,11.17,0.93,3.72,0.346,0.595,0.241,0.286,8.38,6.36,3.56,519242
2022,Raisel Iglesias,ATL,0,0,2,1.1,6.75,6.75,0.0,0.571,0.8,0.429,0.0,6.75,3.86,7.19,628452
2018,Roberto Osuna,HOU,0,0,4,6.0,7.5,1.5,1.5,0.235,0.455,0.556,0.2,7.5,5.16,4.37,532077
2024,Matt Strahm,PHI,0,0,3,2.0,4.5,0.0,4.5,0.375,0.0,0.3329999999999999,0.25,18.0,8.67,5.19,621381
2017,Josh Fields,LAD,0,0,4,1.0,9.0,0.0,18.0,0.5,1.0,0.1669999999999999,0.5,18.0,27.16,8.27,435222
2023,Max Scherzer,TEX,0,1,3,9.2,6.52,4.66,1.86,0.333,0.7040000000000001,0.345,0.143,6.52,6.36,6.06,453286
2019,Patrick Corbin,WSN,2,3,8,23.1,13.89,4.63,0.77,0.365,0.5770000000000001,0.5660000000000001,0.154,5.79,2.91,2.91,571578
2018,Mike Foltynewicz,ATL,0,1,2,6.0,15.0,10.5,3.0,0.273,0.784,0.1669999999999999,0.3329999999999999,7.5,8.16,5.48,592314
2024,Tyler Holton,DET,0,1,6,5.2,9.53,1.59,1.59,0.313,0.179,0.647,0.25,9.53,3.87,2.65,663947
2018,Luis Severino,NYY,0,1,2,7.0,11.57,7.71,0.0,0.409,0.6,0.409,0.0,7.71,3.16,4.58,622663
2019,Chaz Roe,TBR,0,0,3,2.2,6.75,3.38,0.0,0.333,0.5,0.444,0.0,6.75,2.84,5.08,475054
2022,Jesse Chavez,ATL,0,0,2,3.1,8.1,2.7,0.0,0.4,0.6,0.556,0.0,5.4,2.21,3.1,445926
2017,Wade Davis,CHC,0,0,5,6.1,11.37,8.53,2.84,0.273,0.976,0.385,0.3329999999999999,4.26,7.58,5.16,451584
2018,Wade Davis,COL,0,0,2,1.1,20.25,20.25,13.5,0.0,1.0,0.3329999999999999,1.0,13.5,24.91,7.89,451584
2018,Charlie Morton,HOU,0,0,1,2.1,7.71,7.71,0.0,0.375,0.5,0.5,0.0,11.57,5.3,7.43,119424
2019,Tyler Glasnow,TBR,0,2,2,7.0,10.29,3.86,1.29,0.381,0.5660000000000001,0.273,0.1,7.71,4.07,5.06,607192
2022,Cal Quantrill,CLE,0,2,2,10.0,7.2,3.6,2.7,0.208,0.6409999999999999,0.407,0.25,5.4,6.61,4.49,615698
2017,Zack Greinke,ARI,0,1,2,8.2,5.19,6.23,2.08,0.276,0.682,0.367,0.1669999999999999,7.27,7.08,6.54,425844
2019,John Brebbia,STL,0,0,5,3.0,9.0,3.0,3.0,0.5,0.909,0.154,0.125,6.0,6.55,7.52,605154
2021,Michael Kopech,CHW,1,0,2,3.0,15.0,3.0,3.0,0.6,0.303,0.636,0.5,18.0,5.17,2.01,656629
2022,Clarke Schmidt,NYY,0,2,3,2.1,3.86,7.71,7.71,0.375,0.952,0.8,2.0,11.57,15.97,5.46,657376
2024,Daniel Hudson,LAD,0,1,7,6.0,9.0,3.0,1.5,0.333,0.581,0.158,0.091,7.5,4.83,5.44,543339
2021,Shane McClanahan,TBR,1,0,2,5.2,4.76,1.59,1.59,0.391,0.625,0.4579999999999999,0.125,7.94,4.93,5.13,663556
2023,Miguel Castro,ARI,0,1,8,6.0,6.0,7.5,1.5,0.3,0.472,0.5710000000000001,0.2,10.5,6.59,5.8,612434
2022,Jordan Romano,TOR,0,1,1,1.2,21.6,5.4,0.0,0.8,0.6,0.0,0.0,10.8,0.11,1.89,605447
2021,Dylan Cease,CHW,0,0,1,1.2,10.8,16.2,0.0,0.4,0.4,0.4,0.0,16.2,6.17,8.29,656302
2021,Adrian Houser,MIL,1,1,2,3.0,3.0,3.0,6.0,0.2,0.455,0.5,0.5,12.0,12.17,5.86,605288
2017,Greg Holland,COL,0,0,1,0.2,0.0,13.5,0.0,0.6,0.5,0.5,0.0,27.0,7.66,10.33,518813
2023,Bobby Miller,LAD,0,1,1,1.2,5.4,10.8,0.0,0.5,0.5,0.1669999999999999,0.0,16.2,5.66,7.64,676272
2019,Kyle Gibson,MIN,0,0,1,1.0,9.0,27.0,0.0,0.333,0.25,0.0,0.0,27.0,10.21,14.19,502043
2019,Josh Hader,MIL,0,1,1,1.0,18.0,9.0,0.0,1.0,0.25,0.0,0.0,18.0,5.21,7.2,623352
2018,Stephen Tarpley,NYY,0,0,1,1.0,9.0,9.0,0.0,0.667,0.4,0.667,0.0,27.0,4.16,5.81,605501
2023,Will Smith,TEX,0,0,5,3.1,10.8,8.1,2.7,0.286,0.536,0.375,0.5,10.8,8.36,5.45,519293
2019,Luke Jackson,ATL,0,0,3,2.2,20.25,6.75,3.38,0.625,0.6579999999999999,0.444,0.5,10.13,6.96,3.58,592426
2019,Fernando Rodney,WSN,0,0,6,4.2,9.64,17.36,1.93,0.25,0.948,0.462,0.2,3.86,9.64,8.99,407845
2018,Trevor Bauer,CLE,0,1,3,4.0,9.0,2.25,2.25,0.429,0.606,0.267,0.143,6.75,5.16,4.8,545333
2024,Carlos Estévez,PHI,0,0,3,2.2,13.5,3.38,3.38,0.167,0.625,0.286,0.3329999999999999,3.38,6.17,2.99,608032
2023,Lance Lynn,LAD,0,1,1,2.2,3.38,0.0,13.5,0.222,1.0,0.462,0.667,13.5,22.01,6.23,458681
2018,Cody Allen,CLE,0,0,2,1.0,18.0,18.0,18.0,0.667,0.0,0.0,0.5,54.0,31.16,11.77,592102
2024,AJ Smith-Shawver,ATL,0,1,1,1.1,6.75,0.0,6.75,0.5,0.556,0.429,0.5,20.25,13.67,6.18,700363
2022,Tim Mayza,TOR,0,0,2,1.2,10.8,0.0,5.4,0.0,1.0,0.75,1.0,5.4,8.51,1.6,641835
2019,Emilio Pagán,TBR,0,0,4,3.0,6.0,6.0,6.0,0.273,0.952,0.231,0.25,6.0,12.55,9.19,641941
2024,Jeff Hoffman,PHI,1,2,3,1.1,6.75,13.5,0.0,0.5,0.0,0.5,0.0,40.5,8.42,9.55,656546
2023,Andrew Nardi,MIA,0,0,1,1.1,13.5,6.75,6.75,0.0,-1.6669999999999998,0.5,0.5,13.5,12.26,4.99,677053
2018,Brad Brach,ATL,0,0,2,1.1,13.5,13.5,6.75,0.333,1.0,0.5,0.5,6.75,14.41,7.14,542960
2024,Landon Knack,LAD,0,0,3,7.0,6.43,5.14,2.57,0.273,0.652,0.1669999999999999,0.143,7.71,7.17,6.48,689017
2023,Luis Frías,ARI,0,0,7,6.2,10.8,4.05,2.7,0.071,0.625,0.4379999999999999,0.3329999999999999,1.35,6.11,3.69,666818
2023,Zach Eflin,TBR,0,1,1,5.0,5.4,3.6,3.6,0.412,0.732,0.316,0.286,9.0,8.46,5.57,621107
2018,Kevin Gausman,ATL,0,0,1,2.0,18.0,9.0,4.5,0.333,0.769,0.75,1.0,9.0,8.66,2.99,592332
2019,Adam Ottavino,NYY,0,0,8,3.1,10.8,8.1,2.7,0.462,0.698,0.643,0.3329999999999999,8.1,7.41,5.3,493603
2021,Ryan Brasier,BOS,0,0,7,4.0,11.25,0.0,0.0,0.571,0.5,0.357,0.0,9.0,0.67,3.32,518489
2021,Tony Gonsolin,LAD,1,0,3,4.0,9.0,2.25,4.5,0.25,0.313,0.357,0.25,11.25,8.42,5.45,664062
2022,Bailey Falter,PHI,0,0,1,0.2,0.0,13.5,13.5,0.5,0.0,0.2,0.3329999999999999,54.0,27.11,14.27,663559
2023,Bryce Elder,ATL,0,1,1,2.2,13.5,3.38,6.75,0.429,0.0,0.3329999999999999,0.5,20.25,11.13,3.86,693821
2017,Doug Fister,BOS,0,0,1,1.1,6.75,6.75,6.75,0.5,0.556,0.286,1.0,20.25,13.66,5.24,450729
2024,Jackson Jobe,DET,0,0,2,1.2,0.0,0.0,0.0,0.455,0.5,0.2,0.0,16.2,4.97,9.5,695549
2019,Pedro Báez,LAD,0,0,2,0.2,13.5,13.5,13.5,0.75,1.0,0.5,1.0,13.5,24.21,7.7,520980
2021,Gerrit Cole,NYY,0,1,1,2.0,13.5,9.0,9.0,0.4,0.938,0.143,0.3329999999999999,13.5,16.17,8.46,543037
2018,Brad Hand,CLE,0,0,2,1.2,21.6,5.4,5.4,0.667,0.769,0.25,1.0,10.8,7.96,1.15,543272
2023,Corbin Burnes,MIL,0,1,1,4.0,11.25,4.5,6.75,0.222,1.0,0.3329999999999999,0.75,9.0,12.01,3.91,669203
2023,Jacob Webb,BAL,0,0,2,2.0,4.5,4.5,9.0,0.0,1.0,0.0,0.3329999999999999,9.0,16.76,8.72,657097
2017,Mike Clevinger,CLE,0,0,2,1.1,20.25,27.0,6.75,0.333,0.652,0.5,0.5,13.5,17.41,10.33,605182
2024,Bryan Hoeing,SDP,1,0,3,2.2,6.75,3.38,6.75,0.333,0.938,0.273,0.3329999999999999,10.13,12.54,6.19,663773
2024,José Buttó,NYM,0,0,6,7.0,10.29,3.86,2.57,0.222,0.556,0.25,0.182,6.43,6.31,4.97,676130
2022,Adrian Morejon,SDP,0,0,2,1.0,9.0,18.0,0.0,0.6,0.2,0.2,0.0,36.0,7.11,10.07,670970
2019,Sean Manaea,OAK,0,1,1,2.0,22.5,0.0,13.5,0.5,1.0,0.4,1.0,18.0,17.71,1.2,640455
2019,Hunter Strickland,WSN,0,0,2,2.0,13.5,4.5,13.5,0.25,1.0,0.0,0.5,18.0,21.21,7.68,519326
2017,Ervin Santana,MIN,0,0,1,2.0,0.0,9.0,9.0,0.143,0.455,0.222,0.3329999999999999,18.0,19.16,11.49,429722
2023,J.P. France,HOU,0,0,2,3.0,6.0,6.0,0.0,0.5,0.5,0.083,0.0,12.0,3.92,6.68,641585
2022,Spencer Strider,ATL,0,1,1,2.1,15.43,7.71,3.86,0.4,0.0,0.3329999999999999,0.5,19.29,7.83,3.52,675911
2022,Aaron Civale,CLE,0,1,1,0.1,27.0,27.0,27.0,1.0,0.385,0.5,1.0,81.0,54.11,19.55,650644
2023,Martín Pérez,TEX,0,0,3,4.2,3.86,5.79,0.0,0.474,0.583,0.579,0.0,9.64,4.33,5.74,527048
2022,José Alvarado,PHI,1,0,12,11.1,11.12,3.97,2.38,0.222,0.763,0.5670000000000001,0.3,5.56,5.94,3.8,621237
2018,Chad Sobotka,ATL,0,0,3,2.1,0.0,15.43,3.86,0.125,0.435,0.444,0.3329999999999999,11.57,13.87,10.43,656977
2021,Walker Buehler,LAD,0,2,4,18.1,8.84,4.42,1.47,0.358,0.7090000000000001,0.304,0.136,4.91,4.81,4.8,621111
2023,Ryne Nelson,ARI,0,0,3,6.1,9.95,1.42,1.42,0.429,0.7290000000000001,0.409,0.111,5.68,3.57,3.87,669194
2021,Luke Jackson,ATL,0,1,11,8.2,9.35,4.15,1.04,0.4,0.753,0.462,0.125,5.19,4.32,4.45,592426
2022,Paul Sewald,SEA,0,0,3,3.1,16.2,5.4,0.0,0.5,0.3329999999999999,0.375,0.0,16.2,4.01,4.9,623149
2019,Wade Miley,HOU,0,0,1,2.2,3.37,3.37,3.37,0.273,0.556,0.667,0.5,6.75,8.46,5.08,489119
2018,J.A. Happ,NYY,0,1,1,2.0,9.0,4.5,4.5,0.429,0.0,0.286,0.25,22.5,9.16,5.96,457918
2021,Lance Lynn,CHW,0,1,1,3.2,9.82,4.91,0.0,0.429,0.375,0.462,0.0,12.27,2.62,4.55,458681
2017,Joe Musgrove,HOU,1,0,7,6.2,4.05,1.35,4.05,0.15,0.357,0.217,0.231,8.1,8.56,6.18,605397
2021,Dominic Leone,SFG,0,0,2,1.2,5.4,10.8,0.0,0.5,0.5,0.375,0.0,16.2,5.57,8.75,608678
2024,Devin Williams,MIL,0,1,2,1.2,5.4,5.4,5.4,0.333,0.278,0.429,0.25,21.6,13.37,9.2,642207
2017,Will Harris,HOU,0,0,6,4.0,6.75,2.25,2.25,0.333,1.0,0.313,0.25,2.25,5.66,4.19,501789
2021,Jacob Webb,ATL,0,0,2,1.2,16.2,5.4,5.4,0.6,0.278,0.1669999999999999,0.5,21.6,9.17,3.49,657097
2022,Max Fried,ATL,0,1,1,3.1,5.4,2.7,0.0,0.471,0.3329999999999999,0.4379999999999999,0.0,10.8,2.81,4.14,608331
2017,Drew Pomeranz,BOS,0,1,1,2.0,4.5,4.5,9.0,0.375,0.625,0.1,0.3329999999999999,18.0,16.66,8.99,519141
2024,Dylan Cease,SDP,0,1,2,5.0,10.8,5.4,3.6,0.471,0.49,0.3329999999999999,0.3329999999999999,14.4,7.77,4.38,656302
2021,Craig Kimbrel,CHW,0,0,3,2.0,0.0,4.5,4.5,0.222,0.385,0.5,0.25,9.0,11.17,8.2,518886
2022,Justin Verlander,HOU,2,0,4,20.0,11.25,3.6,1.35,0.37,0.6829999999999999,0.298,0.125,5.85,3.91,3.74,434378
2022,Andre Pallante,STL,0,0,1,0.2,13.5,0.0,0.0,0.5,0.0,0.75,0.0,27.0,0.11,2.33,669467
2017,John Lackey,CHC,0,0,3,3.2,7.36,4.91,2.45,0.364,0.536,0.583,0.25,9.82,6.7,5.1,407793
2017,Luis Severino,NYY,1,1,4,16.0,6.75,4.5,2.81,0.186,0.7859999999999999,0.313,0.2269999999999999,5.62,7.22,5.6,622663
2017,Taijuan Walker,ARI,0,1,1,1.0,27.0,18.0,9.0,1.0,0.435,0.25,1.0,36.0,16.16,4.94,592836
2019,Mark Melancon,ATL,0,1,3,3.0,12.0,6.0,0.0,0.667,0.6,0.583,0.0,12.0,2.55,3.87,453343
2024,Tylor Megill,NYM,0,1,2,4.1,10.38,10.38,4.15,0.308,0.732,0.3329999999999999,0.3329999999999999,10.38,10.32,6.41,656731
2021,Yimi García,HOU,1,1,10,9.0,8.0,3.0,2.0,0.269,0.588,0.536,0.2,7.0,5.61,4.69,554340
2022,Sean Manaea,SDP,0,1,1,1.1,13.5,13.5,6.75,0.75,0.217,0.0,1.0,33.75,14.36,5.72,640455
2021,Luis Garcia,HOU,1,3,5,15.2,12.06,6.89,1.72,0.27,0.529,0.225,0.15,8.04,5.28,5.04,150193
2024,Hunter Gaddis,CLE,1,1,8,7.1,14.73,6.14,2.45,0.375,0.625,0.222,0.25,4.91,5.89,4.0,683769
2022,Lance McCullers Jr.,HOU,0,1,3,15.1,10.57,2.35,2.93,0.282,0.7140000000000001,0.477,0.278,5.87,5.98,3.48,118617
2017,Jon Gray,COL,0,1,1,1.1,13.5,0.0,6.75,0.75,0.536,0.3329999999999999,0.5,27.0,9.91,2.83,592351
2019,Carlos Martinez,STL,1,1,4,3.2,12.27,9.82,4.91,0.4,0.556,0.25,0.3329999999999999,14.73,10.85,7.01,118360
2024,Emmanuel Clase,CLE,0,2,7,8.0,9.0,1.13,3.38,0.346,0.568,0.4479999999999999,0.3329999999999999,9.0,6.42,3.24,661403
2017,Chris Devenski,HOU,1,0,10,8.0,9.0,3.38,2.25,0.304,0.435,0.28,0.2,9.0,5.53,4.51,606965
2023,Bailey Ober,MIN,0,1,2,4.1,8.31,2.08,8.31,0.308,0.909,0.176,0.3329999999999999,12.46,14.79,7.37,641927
2024,Max Fried,ATL,0,1,1,2.0,9.0,0.0,4.5,0.583,0.455,0.5379999999999999,0.5,22.5,7.67,2.68,608331
2019,Max Fried,ATL,0,0,4,4.0,13.5,6.75,0.0,0.417,0.5,0.25,0.0,9.0,2.46,4.45,608331
2017,Yu Darvish,LAD,2,2,4,14.2,8.59,1.84,2.45,0.302,0.649,0.444,0.267,6.14,5.61,3.89,506433
2019,Tyler Duffey,MIN,0,0,2,1.2,21.6,10.8,5.4,0.667,0.435,0.0,0.5,21.6,11.61,6.2,608648
2021,José Urquidy,HOU,2,1,3,7.2,9.39,2.35,2.35,0.385,0.536,0.407,0.222,8.22,5.26,3.94,664353
2024,Aaron Ashby,MIL,0,0,1,0.0,0.0,18.0,0.0,1.0,0.6,1.0,0.0,18.0,9.17,9.17,676879
2017,Jimmie Sherfy,ARI,0,0,2,1.0,9.0,0.0,0.0,0.714,0.2,0.429,0.0,36.0,1.16,2.94,642073
2023,Grayson Rodriguez,BAL,0,1,1,1.2,10.8,21.6,0.0,0.667,0.5,0.667,0.0,27.0,8.06,10.04,680570
2021,Chris Sale,BOS,0,1,3,9.0,11.0,4.0,2.0,0.37,0.493,0.345,0.182,8.0,5.28,4.55,519242
2021,Michael Wacha,TBR,0,0,1,2.2,13.5,0.0,3.38,0.727,0.395,0.455,0.5,20.25,5.05,1.49,608379
2022,Robbie Ray,SEA,0,1,3,3.2,12.27,0.0,7.36,0.444,0.7140000000000001,0.25,0.5,12.27,11.02,2.81,592662
2022,Max Scherzer,NYM,0,1,1,4.2,7.71,0.0,7.71,0.231,0.0,0.294,0.4,13.5,12.54,4.57,453286
2019,Ryan Pressly,HOU,1,0,10,5.2,9.53,4.76,0.0,0.522,0.467,0.5,0.0,11.12,2.68,3.74,519151
2024,Phil Maton,NYM,0,1,6,6.1,8.53,5.68,5.68,0.389,0.962,0.364,0.4,8.53,11.85,6.03,664208
2023,Dean Kremer,BAL,0,1,1,1.2,0.0,5.4,10.8,0.5,0.385,0.083,0.3329999999999999,32.4,20.66,11.01,665152
2024,Kodai Senga,NYM,0,1,3,5.0,7.2,12.6,1.8,0.313,0.556,0.4379999999999999,0.143,12.6,8.97,8.48,673540
2021,Martín Pérez,BOS,0,0,4,3.0,0.0,12.0,0.0,0.462,0.5,0.5379999999999999,0.0,12.0,7.17,8.35,527048
2024,Brent Honeywell,LAD,0,0,3,8.2,2.08,3.12,1.04,0.303,0.542,0.265,0.091,9.35,6.63,7.05,641703
2018,Brandon Workman,BOS,0,0,3,1.0,27.0,27.0,18.0,1.0,0.6940000000000001,0.429,0.667,45.0,32.16,11.12,519443
2017,Corey Kluber,CLE,0,1,2,6.1,14.21,4.26,5.68,0.375,0.541,0.278,0.5,12.79,9.63,3.67,446372
2018,Jeremy Jeffress,MIL,0,1,8,8.0,12.38,4.5,2.25,0.519,0.8140000000000001,0.4479999999999999,0.25,6.75,5.16,3.56,502026
2019,Joe Kelly,LAD,0,1,3,2.1,15.43,19.29,3.86,0.571,0.465,0.375,0.25,23.14,11.79,9.62,116950
2023,Clayton Kershaw,LAD,0,1,1,0.1,0.0,27.0,27.0,0.833,0.179,0.286,0.3329999999999999,162.0,51.26,27.14,477132
2017,Ken Giles,HOU,0,2,7,7.2,11.74,5.87,3.52,0.409,0.547,0.48,0.375,11.74,7.59,4.36,571704
2022,Mike Clevinger,SDP,0,1,2,2.2,10.13,10.13,6.75,0.583,0.435,0.286,0.286,23.63,13.99,8.12,605182
2021,Framber Valdez,HOU,1,1,5,19.2,7.32,3.66,2.75,0.367,0.6759999999999999,0.682,0.5,7.78,7.03,4.14,664285
2019,Dakota Hudson,STL,0,1,2,5.0,3.6,5.4,1.8,0.409,0.172,0.478,0.1669999999999999,9.0,6.81,6.6,641712
2024,Jack Flaherty,LAD,1,2,5,22.0,6.14,3.68,2.45,0.269,0.625,0.417,0.214,7.36,6.71,5.09,656427
2023,Framber Valdez,HOU,0,3,3,12.0,12.75,4.5,3.0,0.455,0.637,0.556,0.364,9.0,6.51,3.69,664285
2017,Mike Montgomery,CHC,0,0,5,4.1,8.31,8.31,6.23,0.524,0.652,0.217,0.273,16.62,13.08,8.6,543557
2019,Chris Martin,ATL,0,0,0,0.0,0.0,0.0,0.0,0.0,1.0,0.0,0.0,0.0,,,455119
